match_id,season_id,balls_per_over,city,match_date,event_name,match_number,gender,match_type,format,overs,season,team_type,venue,toss_winner,team1,team2,toss_decision,match_winner,win_by_runs,win_by_wickets,player_of_match,result
335982,2008,6,Bangalore,4/18/2008,Indian Premier League,1,male,T20,T20,20,2008,club,M Chinnaswamy Stadium,1,1,6,field,6,140,0,46,win
1082591,2017,6,Hyderabad,4/5/2017,Indian Premier League,1,male,T20,T20,20,2017,club,"Rajiv Gandhi International Stadium, Uppal",1,2,1,field,2,35,0,15,win
1082592,2017,6,Pune,4/6/2017,Indian Premier League,2,male,T20,T20,20,2017,club,Maharashtra Cricket Association Stadium,4,4,3,field,4,0,7,36,win
1082593,2017,6,Rajkot,4/7/2017,Indian Premier League,3,male,T20,T20,20,2017,club,Saurashtra Cricket Association Stadium,6,5,6,field,6,0,10,57,win
1082594,2017,6,Indore,4/8/2017,Indian Premier League,4,male,T20,T20,20,2017,club,Holkar Cricket Stadium,494,494,4,field,494,0,6,71,win
1082595,2017,6,Bengaluru,4/8/2017,Indian Premier League,5,male,T20,T20,20,2017,club,M.Chinnaswamy Stadium,1,1,252,bat,1,15,0,4,win
1082596,2017,6,Hyderabad,4/9/2017,Indian Premier League,6,male,T20,T20,20,2017,club,"Rajiv Gandhi International Stadium, Uppal",2,2,5,field,2,0,9,22,win
1082597,2017,6,Mumbai,4/9/2017,Indian Premier League,7,male,T20,T20,20,2017,club,Wankhede Stadium,3,3,6,field,3,0,4,26,win
1082598,2017,6,Indore,4/10/2017,Indian Premier League,8,male,T20,T20,20,2017,club,Holkar Cricket Stadium,1,494,1,bat,494,0,8,70,win
1082599,2017,6,Pune,4/11/2017,Indian Premier League,9,male,T20,T20,20,2017,club,Maharashtra Cricket Association Stadium,4,4,252,field,252,97,0,180,win
1082600,2017,6,Mumbai,4/12/2017,Indian Premier League,10,male,T20,T20,20,2017,club,Wankhede Stadium,3,3,2,field,3,0,4,33,win
1082601,2017,6,Kolkata,4/13/2017,Indian Premier League,11,male,T20,T20,20,2017,club,Eden Gardens,6,6,494,field,6,0,8,65,win
1082602,2017,6,Bangalore,4/14/2017,Indian Premier League,12,male,T20,T20,20,2017,club,M Chinnaswamy Stadium,3,1,3,field,3,0,4,29,win
1082603,2017,6,Rajkot,4/14/2017,Indian Premier League,13,male,T20,T20,20,2017,club,Saurashtra Cricket Association Stadium,5,5,4,field,5,0,7,351,win
1082604,2017,6,Kolkata,4/15/2017,Indian Premier League,14,male,T20,T20,20,2017,club,Eden Gardens,2,6,2,field,6,17,0,58,win
1082605,2017,6,Delhi,4/15/2017,Indian Premier League,15,male,T20,T20,20,2017,club,Feroz Shah Kotla,252,252,494,bat,252,51,0,258,win
1082606,2017,6,Mumbai,4/16/2017,Indian Premier League,16,male,T20,T20,20,2017,club,Wankhede Stadium,3,3,5,field,3,0,6,26,win
1082607,2017,6,Bangalore,4/16/2017,Indian Premier League,17,male,T20,T20,20,2017,club,M Chinnaswamy Stadium,1,1,4,field,4,27,0,37,win
1082608,2017,6,Delhi,4/17/2017,Indian Premier League,18,male,T20,T20,20,2017,club,Feroz Shah Kotla,252,252,6,bat,6,0,4,471,win
1082609,2017,6,Hyderabad,4/17/2017,Indian Premier League,19,male,T20,T20,20,2017,club,"Rajiv Gandhi International Stadium, Uppal",494,2,494,field,2,5,0,20,win
1082610,2017,6,Rajkot,4/18/2017,Indian Premier League,20,male,T20,T20,20,2017,club,Saurashtra Cricket Association Stadium,5,5,1,field,1,21,0,1,win
1082611,2017,6,Hyderabad,4/19/2017,Indian Premier League,21,male,T20,T20,20,2017,club,"Rajiv Gandhi International Stadium, Uppal",2,2,252,bat,2,15,0,531,win
1082612,2017,6,Indore,4/20/2017,Indian Premier League,22,male,T20,T20,20,2017,club,Holkar Cricket Stadium,3,494,3,field,3,0,8,24,win
1082613,2017,6,Kolkata,4/21/2017,Indian Premier League,23,male,T20,T20,20,2017,club,Eden Gardens,5,6,5,field,5,0,4,47,win
1082614,2017,6,Mumbai,4/22/2017,Indian Premier League,25,male,T20,T20,20,2017,club,Wankhede Stadium,252,3,252,field,3,14,0,32,win
1082615,2017,6,Pune,4/22/2017,Indian Premier League,24,male,T20,T20,20,2017,club,Maharashtra Cricket Association Stadium,4,4,2,field,4,0,6,38,win
1082616,2017,6,Rajkot,4/23/2017,Indian Premier League,26,male,T20,T20,20,2017,club,Saurashtra Cricket Association Stadium,5,5,494,field,494,26,0,67,win
1082617,2017,6,Kolkata,4/23/2017,Indian Premier League,27,male,T20,T20,20,2017,club,Eden Gardens,1,6,1,field,6,82,0,471,win
1082618,2017,6,Mumbai,4/24/2017,Indian Premier League,28,male,T20,T20,20,2017,club,Wankhede Stadium,3,3,4,field,4,3,0,37,win
1082620,2017,6,Pune,4/26/2017,Indian Premier League,30,male,T20,T20,20,2017,club,Maharashtra Cricket Association Stadium,6,4,6,field,6,0,7,58,win
1082621,2017,6,Bangalore,4/27/2017,Indian Premier League,31,male,T20,T20,20,2017,club,M Chinnaswamy Stadium,5,1,5,field,5,0,7,351,win
1082622,2017,6,Kolkata,4/28/2017,Indian Premier League,32,male,T20,T20,20,2017,club,Eden Gardens,6,6,252,field,6,0,7,56,win
1082623,2017,6,Chandigarh,4/28/2017,Indian Premier League,33,male,T20,T20,20,2017,club,"Punjab Cricket Association IS Bindra Stadium, Mohali",494,494,2,field,2,26,0,22,win
1082624,2017,6,Pune,4/29/2017,Indian Premier League,34,male,T20,T20,20,2017,club,Maharashtra Cricket Association Stadium,1,4,1,field,4,61,0,361,win
1082625,2017,6,Rajkot,4/29/2017,Indian Premier League,35,male,T20,T20,20,2017,club,Saurashtra Cricket Association Stadium,5,5,3,bat,3,0,0,28,tie
1082626,2017,6,Chandigarh,4/30/2017,Indian Premier League,36,male,T20,T20,20,2017,club,"Punjab Cricket Association IS Bindra Stadium, Mohali",494,494,252,field,494,0,10,76,win
1082627,2017,6,Hyderabad,4/30/2017,Indian Premier League,37,male,T20,T20,20,2017,club,"Rajiv Gandhi International Stadium, Uppal",6,2,6,field,2,48,0,12,win
1082628,2017,6,Mumbai,5/1/2017,Indian Premier League,38,male,T20,T20,20,2017,club,Wankhede Stadium,1,3,1,bat,3,0,5,25,win
1082629,2017,6,Pune,5/1/2017,Indian Premier League,39,male,T20,T20,20,2017,club,Maharashtra Cricket Association Stadium,4,4,5,field,4,0,5,37,win
1082630,2017,6,Delhi,5/2/2017,Indian Premier League,40,male,T20,T20,20,2017,club,Feroz Shah Kotla,252,252,2,field,252,0,6,460,win
1082631,2017,6,Kolkata,5/3/2017,Indian Premier League,41,male,T20,T20,20,2017,club,Eden Gardens,4,6,4,field,4,0,4,268,win
1082632,2017,6,Delhi,5/4/2017,Indian Premier League,42,male,T20,T20,20,2017,club,Feroz Shah Kotla,252,252,5,field,252,0,7,181,win
1082633,2017,6,Bangalore,5/5/2017,Indian Premier League,43,male,T20,T20,20,2017,club,M Chinnaswamy Stadium,1,1,494,field,494,19,0,76,win
1082634,2017,6,Hyderabad,5/6/2017,Indian Premier League,44,male,T20,T20,20,2017,club,"Rajiv Gandhi International Stadium, Uppal",2,2,4,field,4,12,0,438,win
1082635,2017,6,Delhi,5/6/2017,Indian Premier League,45,male,T20,T20,20,2017,club,Feroz Shah Kotla,252,252,3,field,3,146,0,1035,win
1082636,2017,6,Bangalore,5/7/2017,Indian Premier League,46,male,T20,T20,20,2017,club,M Chinnaswamy Stadium,6,1,6,field,6,0,6,65,win
1082637,2017,6,Chandigarh,5/7/2017,Indian Premier League,47,male,T20,T20,20,2017,club,"Punjab Cricket Association IS Bindra Stadium, Mohali",5,494,5,field,5,0,6,50,win
1082638,2017,6,Hyderabad,5/8/2017,Indian Premier League,48,male,T20,T20,20,2017,club,"Rajiv Gandhi International Stadium, Uppal",3,2,3,bat,2,0,7,13,win
1082639,2017,6,Chandigarh,5/9/2017,Indian Premier League,49,male,T20,T20,20,2017,club,"Punjab Cricket Association IS Bindra Stadium, Mohali",6,494,6,field,494,14,0,75,win
1082640,2017,6,Kanpur,5/10/2017,Indian Premier League,50,male,T20,T20,20,2017,club,Green Park,252,5,252,field,252,0,2,389,win
1082641,2017,6,Mumbai,5/11/2017,Indian Premier League,51,male,T20,T20,20,2017,club,Wankhede Stadium,3,3,494,field,494,7,0,69,win
1082642,2017,6,Delhi,5/12/2017,Indian Premier League,52,male,T20,T20,20,2017,club,Feroz Shah Kotla,252,252,4,bat,252,7,0,179,win
1082643,2017,6,Kanpur,5/13/2017,Indian Premier League,53,male,T20,T20,20,2017,club,Green Park,2,5,2,field,2,0,8,538,win
1082644,2017,6,Kolkata,5/13/2017,Indian Premier League,54,male,T20,T20,20,2017,club,Eden Gardens,6,6,3,field,3,9,0,27,win
1082645,2017,6,Pune,5/14/2017,Indian Premier League,55,male,T20,T20,20,2017,club,Maharashtra Cricket Association Stadium,4,4,494,field,4,0,9,438,win
1082646,2017,6,Delhi,5/14/2017,Indian Premier League,56,male,T20,T20,20,2017,club,Feroz Shah Kotla,1,252,1,bat,1,10,0,1285,win
1082647,2017,6,Mumbai,5/16/2017,Indian Premier League,League Match,male,T20,T20,20,2017,club,Wankhede Stadium,3,3,4,field,4,20,0,613,win
1082648,2017,6,Bangalore,5/17/2017,Indian Premier League,League Match,male,T20,T20,20,2017,club,M Chinnaswamy Stadium,6,2,6,field,6,0,7,471,win
1082649,2017,6,Bangalore,5/19/2017,Indian Premier League,League Match,male,T20,T20,20,2017,club,M Chinnaswamy Stadium,3,3,6,field,3,0,6,676,win
1082650,2017,6,Hyderabad,5/21/2017,Indian Premier League,League Match,male,T20,T20,20,2017,club,"Rajiv Gandhi International Stadium, Uppal",3,3,4,bat,3,1,0,28,win
1136561,2018,6,Mumbai,4/7/2018,Indian Premier League,1,male,T20,T20,20,2018,club,Wankhede Stadium,129,3,129,field,129,0,1,1393,win
1136562,2018,6,Chandigarh,4/8/2018,Indian Premier League,2,male,T20,T20,20,2018,club,Punjab Cricket Association IS Bindra Stadium,494,252,494,field,494,0,6,1409,win
1136563,2018,6,Kolkata,4/8/2018,Indian Premier League,3,male,T20,T20,20,2018,club,Eden Gardens,6,1,6,field,6,0,4,65,win
1136564,2018,6,Hyderabad,4/9/2018,Indian Premier League,4,male,T20,T20,20,2018,club,Rajiv Gandhi International Stadium,2,134,2,field,2,0,9,13,win
1136565,2018,6,Chennai,4/10/2018,Indian Premier League,5,male,T20,T20,20,2018,club,MA Chidambaram Stadium,129,6,129,field,129,0,5,178,win
1136566,2018,6,Jaipur,4/11/2018,Indian Premier League,6,male,T20,T20,20,2018,club,Sawai Mansingh Stadium,252,134,252,field,134,10,0,180,win
1136567,2018,6,Hyderabad,4/12/2018,Indian Premier League,7,male,T20,T20,20,2018,club,Rajiv Gandhi International Stadium,2,3,2,field,2,0,1,22,win
1136568,2018,6,Bengaluru,4/13/2018,Indian Premier League,8,male,T20,T20,20,2018,club,M.Chinnaswamy Stadium,1,494,1,field,1,0,4,318,win
1136569,2018,6,Mumbai,4/14/2018,Indian Premier League,9,male,T20,T20,20,2018,club,Wankhede Stadium,252,3,252,field,252,0,7,45,win
1136570,2018,6,Kolkata,4/14/2018,Indian Premier League,10,male,T20,T20,20,2018,club,Eden Gardens,2,6,2,field,2,0,5,176,win
1136571,2018,6,Bengaluru,4/15/2018,Indian Premier League,11,male,T20,T20,20,2018,club,M.Chinnaswamy Stadium,1,134,1,field,134,19,0,180,win
1136572,2018,6,Chandigarh,4/15/2018,Indian Premier League,12,male,T20,T20,20,2018,club,Punjab Cricket Association IS Bindra Stadium,129,494,129,field,494,4,0,1,win
1136573,2018,6,Kolkata,4/16/2018,Indian Premier League,13,male,T20,T20,20,2018,club,Eden Gardens,252,6,252,field,6,71,0,26,win
1136574,2018,6,Mumbai,4/17/2018,Indian Premier League,14,male,T20,T20,20,2018,club,Wankhede Stadium,1,3,1,field,3,46,0,25,win
1136575,2018,6,Jaipur,4/18/2018,Indian Premier League,15,male,T20,T20,20,2018,club,Sawai Mansingh Stadium,6,134,6,field,6,0,7,26,win
1136576,2018,6,Chandigarh,4/19/2018,Indian Premier League,16,male,T20,T20,20,2018,club,Punjab Cricket Association IS Bindra Stadium,494,494,2,bat,494,15,0,1,win
1136577,2018,6,Pune,4/20/2018,Indian Premier League,17,male,T20,T20,20,2018,club,Maharashtra Cricket Association Stadium,134,129,134,field,129,64,0,5,win
1136578,2018,6,Kolkata,4/21/2018,Indian Premier League,18,male,T20,T20,20,2018,club,Eden Gardens,494,6,494,field,494,0,9,1409,win
1136579,2018,6,Bengaluru,4/21/2018,Indian Premier League,19,male,T20,T20,20,2018,club,M.Chinnaswamy Stadium,1,252,1,field,1,0,6,245,win
1136580,2018,6,Hyderabad,4/22/2018,Indian Premier League,20,male,T20,T20,20,2018,club,Rajiv Gandhi International Stadium,2,129,2,field,129,4,0,27,win
1136581,2018,6,Jaipur,4/22/2018,Indian Premier League,21,male,T20,T20,20,2018,club,Sawai Mansingh Stadium,3,3,134,bat,134,0,3,1833,win
1136582,2018,6,Delhi,4/23/2018,Indian Premier League,22,male,T20,T20,20,2018,club,Arun Jaitley Stadium,252,494,252,field,494,4,0,219,win
1136583,2018,6,Mumbai,4/24/2018,Indian Premier League,23,male,T20,T20,20,2018,club,Wankhede Stadium,3,2,3,field,2,31,0,22,win
1136584,2018,6,Bengaluru,4/25/2018,Indian Premier League,24,male,T20,T20,20,2018,club,M.Chinnaswamy Stadium,129,1,129,field,129,0,5,38,win
1136585,2018,6,Hyderabad,4/26/2018,Indian Premier League,25,male,T20,T20,20,2018,club,Rajiv Gandhi International Stadium,494,2,494,field,2,13,0,219,win
1136586,2018,6,Delhi,4/27/2018,Indian Premier League,26,male,T20,T20,20,2018,club,Arun Jaitley Stadium,6,252,6,field,252,55,0,389,win
1136587,2018,6,Pune,4/28/2018,Indian Premier League,27,male,T20,T20,20,2018,club,Maharashtra Cricket Association Stadium,3,129,3,field,3,0,8,25,win
1136588,2018,6,Jaipur,4/29/2018,Indian Premier League,28,male,T20,T20,20,2018,club,Sawai Mansingh Stadium,2,2,134,bat,2,11,0,531,win
1136589,2018,6,Bengaluru,4/29/2018,Indian Premier League,29,male,T20,T20,20,2018,club,M.Chinnaswamy Stadium,6,1,6,field,6,0,6,57,win
1136590,2018,6,Pune,4/30/2018,Indian Premier League,30,male,T20,T20,20,2018,club,Maharashtra Cricket Association Stadium,252,129,252,field,129,13,0,5,win
1136591,2018,6,Bengaluru,5/1/2018,Indian Premier League,31,male,T20,T20,20,2018,club,M.Chinnaswamy Stadium,3,1,3,field,1,14,0,31,win
1136592,2018,6,Delhi,5/2/2018,Indian Premier League,32,male,T20,T20,20,2018,club,Arun Jaitley Stadium,134,252,134,field,252,4,0,181,win
1136593,2018,6,Kolkata,5/3/2018,Indian Premier League,33,male,T20,T20,20,2018,club,Eden Gardens,6,129,6,field,6,0,6,65,win
1136594,2018,6,Indore,5/4/2018,Indian Premier League,34,male,T20,T20,20,2018,club,Holkar Cricket Stadium,3,494,3,field,3,0,6,61,win
1136595,2018,6,Pune,5/5/2018,Indian Premier League,35,male,T20,T20,20,2018,club,Maharashtra Cricket Association Stadium,129,1,129,field,129,0,6,348,win
1136596,2018,6,Hyderabad,5/5/2018,Indian Premier League,36,male,T20,T20,20,2018,club,Rajiv Gandhi International Stadium,252,252,2,bat,2,0,7,22,win
1136597,2018,6,Mumbai,5/6/2018,Indian Premier League,37,male,T20,T20,20,2018,club,Wankhede Stadium,6,3,6,field,3,13,0,30,win
1136598,2018,6,Indore,5/6/2018,Indian Premier League,38,male,T20,T20,20,2018,club,Holkar Cricket Stadium,494,134,494,field,494,0,6,1419,win
1136599,2018,6,Hyderabad,5/7/2018,Indian Premier League,39,male,T20,T20,20,2018,club,Rajiv Gandhi International Stadium,1,2,1,field,2,5,0,531,win
1136600,2018,6,Jaipur,5/8/2018,Indian Premier League,40,male,T20,T20,20,2018,club,Sawai Mansingh Stadium,134,134,494,bat,134,15,0,24,win
1136601,2018,6,Kolkata,5/9/2018,Indian Premier League,41,male,T20,T20,20,2018,club,Eden Gardens,6,3,6,field,3,102,0,347,win
1136602,2018,6,Delhi,5/10/2018,Indian Premier League,42,male,T20,T20,20,2018,club,Arun Jaitley Stadium,252,252,2,bat,2,0,9,13,win
1136603,2018,6,Jaipur,5/11/2018,Indian Premier League,43,male,T20,T20,20,2018,club,Sawai Mansingh Stadium,129,129,134,bat,134,0,4,24,win
1136604,2018,6,Indore,5/12/2018,Indian Premier League,44,male,T20,T20,20,2018,club,Holkar Cricket Stadium,494,6,494,field,6,31,0,65,win
1136605,2018,6,Delhi,5/12/2018,Indian Premier League,45,male,T20,T20,20,2018,club,Arun Jaitley Stadium,1,252,1,field,1,0,5,245,win
1136606,2018,6,Pune,5/13/2018,Indian Premier League,46,male,T20,T20,20,2018,club,Maharashtra Cricket Association Stadium,129,2,129,field,129,0,8,27,win
1136607,2018,6,Mumbai,5/13/2018,Indian Premier League,47,male,T20,T20,20,2018,club,Wankhede Stadium,134,3,134,field,134,0,7,24,win
1136608,2018,6,Indore,5/14/2018,Indian Premier League,48,male,T20,T20,20,2018,club,Holkar Cricket Stadium,1,494,1,field,1,0,10,318,win
1136609,2018,6,Kolkata,5/15/2018,Indian Premier League,49,male,T20,T20,20,2018,club,Eden Gardens,6,134,6,field,6,0,6,64,win
1136610,2018,6,Mumbai,5/16/2018,Indian Premier League,50,male,T20,T20,20,2018,club,Wankhede Stadium,494,3,494,field,3,3,0,33,win
1136611,2018,6,Bengaluru,5/17/2018,Indian Premier League,51,male,T20,T20,20,2018,club,M.Chinnaswamy Stadium,2,1,2,field,1,14,0,245,win
1136612,2018,6,Delhi,5/18/2018,Indian Premier League,52,male,T20,T20,20,2018,club,Arun Jaitley Stadium,129,252,129,field,252,34,0,1285,win
1136613,2018,6,Jaipur,5/19/2018,Indian Premier League,53,male,T20,T20,20,2018,club,Sawai Mansingh Stadium,134,134,1,bat,134,30,0,1449,win
1136614,2018,6,Hyderabad,5/19/2018,Indian Premier League,54,male,T20,T20,20,2018,club,Rajiv Gandhi International Stadium,2,2,6,bat,6,0,5,57,win
1136615,2018,6,Delhi,5/20/2018,Indian Premier League,55,male,T20,T20,20,2018,club,Arun Jaitley Stadium,252,252,3,bat,252,11,0,185,win
1136616,2018,6,Pune,5/20/2018,Indian Premier League,56,male,T20,T20,20,2018,club,Maharashtra Cricket Association Stadium,129,494,129,field,129,0,5,2024,win
1136617,2018,6,Mumbai,5/22/2018,Indian Premier League,League Match,male,T20,T20,20,2018,club,Wankhede Stadium,129,2,129,field,129,0,2,267,win
1136618,2018,6,Kolkata,5/23/2018,Indian Premier League,League Match,male,T20,T20,20,2018,club,Eden Gardens,134,6,134,field,6,25,0,1437,win
1136619,2018,6,Kolkata,5/25/2018,Indian Premier League,League Match,male,T20,T20,20,2018,club,Eden Gardens,6,2,6,field,2,14,0,22,win
1136620,2018,6,Mumbai,5/27/2018,Indian Premier League,League Match,male,T20,T20,20,2018,club,Wankhede Stadium,129,2,129,field,129,0,8,5,win
1175356,2019,6,Chennai,3/23/2019,Indian Premier League,1,male,T20,T20,20,2019,club,MA Chidambaram Stadium,129,1,129,field,129,0,7,228,win
1175357,2019,6,Kolkata,3/24/2019,Indian Premier League,2,male,T20,T20,20,2019,club,Eden Gardens,6,2,6,field,6,0,6,1437,win
1175358,2019,6,Mumbai,3/24/2019,Indian Premier League,3,male,T20,T20,20,2019,club,Wankhede Stadium,3,252,3,field,252,37,0,181,win
1175359,2019,6,Jaipur,3/25/2019,Indian Premier League,4,male,T20,T20,20,2019,club,Sawai Mansingh Stadium,134,494,134,field,494,14,0,1,win
1175360,2019,6,Delhi,3/26/2019,Indian Premier League,5,male,T20,T20,20,2019,club,Arun Jaitley Stadium,252,252,129,bat,129,0,6,5,win
1175361,2019,6,Kolkata,3/27/2019,Indian Premier League,6,male,T20,T20,20,2019,club,Eden Gardens,494,6,494,field,6,28,0,1437,win
1175362,2019,6,Bengaluru,3/28/2019,Indian Premier League,7,male,T20,T20,20,2019,club,M.Chinnaswamy Stadium,1,3,1,field,3,6,0,33,win
1175363,2019,6,Hyderabad,3/29/2019,Indian Premier League,8,male,T20,T20,20,2019,club,Rajiv Gandhi International Stadium,134,134,2,bat,2,0,5,22,win
1175364,2019,6,Chandigarh,3/30/2019,Indian Premier League,9,male,T20,T20,20,2019,club,Punjab Cricket Association IS Bindra Stadium,494,3,494,field,494,0,8,35,win
1175365,2019,6,Delhi,3/30/2019,Indian Premier League,10,male,T20,T20,20,2019,club,Arun Jaitley Stadium,252,6,252,field,252,0,0,1849,tie
1175366,2019,6,Hyderabad,3/31/2019,Indian Premier League,11,male,T20,T20,20,2019,club,Rajiv Gandhi International Stadium,1,2,1,field,2,118,0,2719,win
1175367,2019,6,Chennai,3/31/2019,Indian Premier League,12,male,T20,T20,20,2019,club,MA Chidambaram Stadium,134,129,134,field,129,8,0,38,win
1175368,2019,6,Chandigarh,4/1/2019,Indian Premier League,13,male,T20,T20,20,2019,club,Punjab Cricket Association IS Bindra Stadium,252,494,252,field,494,14,0,2768,win
1175369,2019,6,Jaipur,4/2/2019,Indian Premier League,14,male,T20,T20,20,2019,club,Sawai Mansingh Stadium,134,1,134,field,134,0,7,1449,win
1175370,2019,6,Mumbai,4/3/2019,Indian Premier League,15,male,T20,T20,20,2019,club,Wankhede Stadium,129,3,129,field,3,37,0,30,win
1175371,2019,6,Delhi,4/4/2019,Indian Premier League,16,male,T20,T20,20,2019,club,Arun Jaitley Stadium,2,252,2,field,2,0,5,2719,win
1175372,2019,6,Bengaluru,4/5/2019,Indian Premier League,17,male,T20,T20,20,2019,club,M.Chinnaswamy Stadium,6,1,6,field,6,0,5,1437,win
1178393,2019,6,Chennai,4/6/2019,Indian Premier League,18,male,T20,T20,20,2019,club,MA Chidambaram Stadium,129,129,494,bat,129,22,0,228,win
1178394,2019,6,Hyderabad,4/6/2019,Indian Premier League,19,male,T20,T20,20,2019,club,Rajiv Gandhi International Stadium,2,3,2,field,3,40,0,3100,win
1178395,2019,6,Bengaluru,4/7/2019,Indian Premier League,20,male,T20,T20,20,2019,club,M.Chinnaswamy Stadium,252,1,252,field,252,0,4,590,win
1178396,2019,6,Jaipur,4/7/2019,Indian Premier League,21,male,T20,T20,20,2019,club,Sawai Mansingh Stadium,6,134,6,field,6,0,8,3156,win
1178397,2019,6,Chandigarh,4/8/2019,Indian Premier League,22,male,T20,T20,20,2019,club,Punjab Cricket Association IS Bindra Stadium,494,2,494,field,494,0,6,1409,win
1178398,2019,6,Chennai,4/9/2019,Indian Premier League,23,male,T20,T20,20,2019,club,MA Chidambaram Stadium,129,6,129,field,129,0,7,41,win
1178399,2019,6,Mumbai,4/10/2019,Indian Premier League,24,male,T20,T20,20,2019,club,Wankhede Stadium,3,494,3,field,3,0,3,29,win
1178400,2019,6,Jaipur,4/11/2019,Indian Premier League,25,male,T20,T20,20,2019,club,Sawai Mansingh Stadium,129,134,129,field,129,0,4,38,win
1178401,2019,6,Kolkata,4/12/2019,Indian Premier League,26,male,T20,T20,20,2019,club,Eden Gardens,252,6,252,field,252,0,7,13,win
1178402,2019,6,Mumbai,4/13/2019,Indian Premier League,27,male,T20,T20,20,2019,club,Wankhede Stadium,134,3,134,field,134,0,4,24,win
1178403,2019,6,Chandigarh,4/13/2019,Indian Premier League,28,male,T20,T20,20,2019,club,Punjab Cricket Association IS Bindra Stadium,1,494,1,field,1,0,8,245,win
1178404,2019,6,Kolkata,4/14/2019,Indian Premier League,29,male,T20,T20,20,2019,club,Eden Gardens,129,6,129,field,129,0,5,44,win
1178405,2019,6,Hyderabad,4/14/2019,Indian Premier League,30,male,T20,T20,20,2019,club,Rajiv Gandhi International Stadium,2,252,2,field,252,39,0,2745,win
1178406,2019,6,Mumbai,4/15/2019,Indian Premier League,31,male,T20,T20,20,2019,club,Wankhede Stadium,3,1,3,field,3,0,5,230,win
1178407,2019,6,Chandigarh,4/16/2019,Indian Premier League,32,male,T20,T20,20,2019,club,Punjab Cricket Association IS Bindra Stadium,134,494,134,field,494,12,0,1416,win
1178408,2019,6,Hyderabad,4/17/2019,Indian Premier League,33,male,T20,T20,20,2019,club,Rajiv Gandhi International Stadium,129,129,2,bat,2,0,6,12,win
1178409,2019,6,Delhi,4/18/2019,Indian Premier League,34,male,T20,T20,20,2019,club,Arun Jaitley Stadium,3,3,252,bat,3,40,0,30,win
1178410,2019,6,Kolkata,4/19/2019,Indian Premier League,35,male,T20,T20,20,2019,club,Eden Gardens,6,1,6,field,1,10,0,332,win
1178411,2019,6,Jaipur,4/20/2019,Indian Premier League,36,male,T20,T20,20,2019,club,Sawai Mansingh Stadium,134,3,134,field,134,0,5,36,win
1178412,2019,6,Delhi,4/20/2019,Indian Premier League,37,male,T20,T20,20,2019,club,Arun Jaitley Stadium,252,494,252,field,252,0,5,389,win
1178413,2019,6,Hyderabad,4/21/2019,Indian Premier League,38,male,T20,T20,20,2019,club,Rajiv Gandhi International Stadium,2,6,2,field,2,0,9,2662,win
1178414,2019,6,Bengaluru,4/21/2019,Indian Premier League,39,male,T20,T20,20,2019,club,M.Chinnaswamy Stadium,129,1,129,field,1,1,0,23,win
1178415,2019,6,Jaipur,4/22/2019,Indian Premier League,40,male,T20,T20,20,2019,club,Sawai Mansingh Stadium,252,134,252,field,252,0,6,181,win
1178416,2019,6,Chennai,4/23/2019,Indian Premier League,41,male,T20,T20,20,2019,club,MA Chidambaram Stadium,129,2,129,field,129,0,6,5,win
1178417,2019,6,Bengaluru,4/24/2019,Indian Premier League,42,male,T20,T20,20,2019,club,M.Chinnaswamy Stadium,494,1,494,field,1,17,0,245,win
1178418,2019,6,Kolkata,4/25/2019,Indian Premier League,43,male,T20,T20,20,2019,club,Eden Gardens,134,6,134,field,134,0,3,241,win
1178419,2019,6,Chennai,4/26/2019,Indian Premier League,44,male,T20,T20,20,2019,club,MA Chidambaram Stadium,129,3,129,field,3,46,0,25,win
1178420,2019,6,Jaipur,4/27/2019,Indian Premier League,45,male,T20,T20,20,2019,club,Sawai Mansingh Stadium,134,2,134,field,134,0,7,438,win
1178421,2019,6,Delhi,4/28/2019,Indian Premier League,46,male,T20,T20,20,2019,club,Arun Jaitley Stadium,252,252,1,bat,252,16,0,13,win
1178422,2019,6,Kolkata,4/28/2019,Indian Premier League,47,male,T20,T20,20,2019,club,Eden Gardens,3,6,3,field,6,34,0,1437,win
1178423,2019,6,Hyderabad,4/29/2019,Indian Premier League,48,male,T20,T20,20,2019,club,Rajiv Gandhi International Stadium,494,2,494,field,2,45,0,12,win
1178424,2019,6,Bengaluru,4/30/2019,Indian Premier League,49,male,T20,T20,20,2019,club,M.Chinnaswamy Stadium,134,1,134,field,134,0,0,Not Awarded,no result
1178425,2019,6,Chennai,5/1/2019,Indian Premier League,50,male,T20,T20,20,2019,club,MA Chidambaram Stadium,252,129,252,field,129,80,0,38,win
1178426,2019,6,Mumbai,5/2/2019,Indian Premier League,51,male,T20,T20,20,2019,club,Wankhede Stadium,3,3,2,bat,2,0,0,33,tie
1178427,2019,6,Chandigarh,5/3/2019,Indian Premier League,52,male,T20,T20,20,2019,club,Punjab Cricket Association IS Bindra Stadium,6,494,6,field,6,0,7,1580,win
1178428,2019,6,Delhi,5/4/2019,Indian Premier League,53,male,T20,T20,20,2019,club,Arun Jaitley Stadium,134,134,252,bat,252,0,5,185,win
1178429,2019,6,Bengaluru,5/4/2019,Indian Premier League,54,male,T20,T20,20,2019,club,M.Chinnaswamy Stadium,1,2,1,field,1,0,4,2700,win
1178430,2019,6,Chandigarh,5/5/2019,Indian Premier League,55,male,T20,T20,20,2019,club,Punjab Cricket Association IS Bindra Stadium,494,129,494,field,494,0,6,1409,win
1178431,2019,6,Mumbai,5/5/2019,Indian Premier League,56,male,T20,T20,20,2019,club,Wankhede Stadium,3,6,3,field,3,0,9,30,win
1181764,2019,6,Chennai,5/7/2019,Indian Premier League,League Match,male,T20,T20,20,2019,club,MA Chidambaram Stadium,129,129,3,bat,3,0,6,61,win
1181766,2019,6,Visakhapatnam,5/8/2019,Indian Premier League,League Match,male,T20,T20,20,2019,club,Dr. Y.S. Rajasekhara Reddy ACA-VDCA Cricket Stadium,252,2,252,field,252,0,2,181,win
1181767,2019,6,Visakhapatnam,5/10/2019,Indian Premier League,League Match,male,T20,T20,20,2019,club,Dr. Y.S. Rajasekhara Reddy ACA-VDCA Cricket Stadium,129,252,129,field,129,0,6,267,win
1181768,2019,6,Hyderabad,5/12/2019,Indian Premier League,League Match,male,T20,T20,20,2019,club,Rajiv Gandhi International Stadium,3,3,129,bat,3,1,0,33,win
1216492,2020,6,Abu Dhabi,9/19/2020,Indian Premier League,1,male,T20,T20,20,2020/21,club,Sheikh Zayed Stadium,129,3,129,field,129,0,5,27,win
1216493,2020,6,Unknown,9/20/2020,Indian Premier League,2,male,T20,T20,20,2020/21,club,Dubai International Cricket Stadium,494,252,494,field,494,0,0,73,tie
1216494,2020,6,Abu Dhabi,10/21/2020,Indian Premier League,39,male,T20,T20,20,2020/21,club,Sheikh Zayed Stadium,6,6,1,bat,1,0,8,538,win
1216495,2020,6,Unknown,11/3/2020,Indian Premier League,56,male,T20,T20,20,2020/21,club,Sharjah Cricket Stadium,2,3,2,field,2,0,10,186,win
1216496,2020,6,Unknown,9/22/2020,Indian Premier League,4,male,T20,T20,20,2020/21,club,Sharjah Cricket Stadium,129,134,129,field,134,16,0,180,win
1216497,2020,6,Abu Dhabi,10/24/2020,Indian Premier League,42,male,T20,T20,20,2020/21,club,Sheikh Zayed Stadium,252,6,252,field,6,59,0,2825,win
1216498,2020,6,Unknown,10/24/2020,Indian Premier League,43,male,T20,T20,20,2020/21,club,Dubai International Cricket Stadium,2,494,2,field,494,12,0,1327,win
1216499,2020,6,Abu Dhabi,10/28/2020,Indian Premier League,48,male,T20,T20,20,2020/21,club,Sheikh Zayed Stadium,3,1,3,field,3,0,5,61,win
1216500,2020,6,Unknown,10/9/2020,Indian Premier League,23,male,T20,T20,20,2020/21,club,Sharjah Cricket Stadium,134,252,134,field,252,46,0,1416,win
1216501,2020,6,Abu Dhabi,10/7/2020,Indian Premier League,21,male,T20,T20,20,2020/21,club,Sheikh Zayed Stadium,6,6,129,bat,6,10,0,268,win
1216502,2020,6,Unknown,10/31/2020,Indian Premier League,52,male,T20,T20,20,2020/21,club,Sharjah Cricket Stadium,2,1,2,field,2,0,5,76,win
1216503,2020,6,Abu Dhabi,10/1/2020,Indian Premier League,13,male,T20,T20,20,2020/21,club,Sheikh Zayed Stadium,494,3,494,field,3,48,0,29,win
1216504,2020,6,Unknown,9/30/2020,Indian Premier League,12,male,T20,T20,20,2020/21,club,Dubai International Cricket Stadium,134,6,134,field,6,37,0,1581,win
1216505,2020,6,Abu Dhabi,11/2/2020,Indian Premier League,55,male,T20,T20,20,2020/21,club,Sheikh Zayed Stadium,252,1,252,field,252,0,6,4047,win
1216506,2020,6,Abu Dhabi,11/1/2020,Indian Premier League,53,male,T20,T20,20,2020/21,club,Sheikh Zayed Stadium,129,494,129,field,129,0,9,4119,win
1216507,2020,6,Unknown,10/11/2020,Indian Premier League,26,male,T20,T20,20,2020/21,club,Dubai International Cricket Stadium,2,2,134,bat,134,0,5,1119,win
1216508,2020,6,Abu Dhabi,9/23/2020,Indian Premier League,5,male,T20,T20,20,2020/21,club,Sheikh Zayed Stadium,6,3,6,field,3,49,0,25,win
1216509,2020,6,Unknown,10/17/2020,Indian Premier League,34,male,T20,T20,20,2020/21,club,Sharjah Cricket Stadium,129,129,252,bat,252,0,5,13,win
1216510,2020,6,Unknown,9/24/2020,Indian Premier League,6,male,T20,T20,20,2020/21,club,Dubai International Cricket Stadium,1,494,1,field,494,97,0,1409,win
1216511,2020,6,Abu Dhabi,10/6/2020,Indian Premier League,20,male,T20,T20,20,2020/21,club,Sheikh Zayed Stadium,3,3,134,bat,3,57,0,61,win
1216512,2020,6,Abu Dhabi,10/18/2020,Indian Premier League,35,male,T20,T20,20,2020/21,club,Sheikh Zayed Stadium,2,6,2,field,2,0,0,361,tie
1216513,2020,6,Unknown,10/4/2020,Indian Premier League,18,male,T20,T20,20,2020/21,club,Dubai International Cricket Stadium,494,494,129,bat,129,0,10,5,win
1216514,2020,6,Abu Dhabi,10/3/2020,Indian Premier League,15,male,T20,T20,20,2020/21,club,Sheikh Zayed Stadium,134,134,1,bat,1,0,8,10,win
1216515,2020,6,Unknown,10/3/2020,Indian Premier League,16,male,T20,T20,20,2020/21,club,Sharjah Cricket Stadium,6,252,6,field,252,18,0,389,win
1216516,2020,6,Unknown,10/2/2020,Indian Premier League,14,male,T20,T20,20,2020/21,club,Dubai International Cricket Stadium,2,2,129,bat,2,7,0,4097,win
1216517,2020,6,Unknown,10/18/2020,Indian Premier League,36,male,T20,T20,20,2020/21,club,Dubai International Cricket Stadium,3,3,494,bat,494,0,0,1409,tie
1216518,2020,6,Unknown,10/22/2020,Indian Premier League,40,male,T20,T20,20,2020/21,club,Dubai International Cricket Stadium,2,134,2,field,2,0,8,59,win
1216519,2020,6,Unknown,10/5/2020,Indian Premier League,19,male,T20,T20,20,2020/21,club,Dubai International Cricket Stadium,1,252,1,field,252,59,0,70,win
1216520,2020,6,Unknown,10/26/2020,Indian Premier League,46,male,T20,T20,20,2020/21,club,Sharjah Cricket Stadium,494,6,494,field,494,0,8,1,win
1216521,2020,6,Unknown,10/23/2020,Indian Premier League,41,male,T20,T20,20,2020/21,club,Sharjah Cricket Stadium,3,129,3,field,3,0,10,66,win
1216522,2020,6,Unknown,10/17/2020,Indian Premier League,33,male,T20,T20,20,2020/21,club,Dubai International Cricket Stadium,134,134,1,bat,1,0,7,245,win
1216523,2020,6,Abu Dhabi,10/10/2020,Indian Premier League,24,male,T20,T20,20,2020/21,club,Sheikh Zayed Stadium,6,6,494,bat,6,2,0,49,win
1216524,2020,6,Unknown,10/27/2020,Indian Premier League,47,male,T20,T20,20,2020/21,club,Dubai International Cricket Stadium,252,2,252,field,2,88,0,69,win
1216525,2020,6,Unknown,10/10/2020,Indian Premier League,25,male,T20,T20,20,2020/21,club,Dubai International Cricket Stadium,1,1,129,bat,1,37,0,332,win
1216526,2020,6,Abu Dhabi,10/16/2020,Indian Premier League,32,male,T20,T20,20,2020/21,club,Sheikh Zayed Stadium,6,6,3,bat,3,0,8,1421,win
1216527,2020,6,Unknown,9/27/2020,Indian Premier League,9,male,T20,T20,20,2020/21,club,Sharjah Cricket Stadium,134,494,134,field,134,0,4,180,win
1216528,2020,6,Unknown,10/13/2020,Indian Premier League,29,male,T20,T20,20,2020/21,club,Dubai International Cricket Stadium,129,129,2,bat,129,20,0,348,win
1216529,2020,6,Abu Dhabi,10/11/2020,Indian Premier League,27,male,T20,T20,20,2020/21,club,Sheikh Zayed Stadium,252,252,3,bat,3,0,5,1421,win
1216530,2020,6,Unknown,11/1/2020,Indian Premier League,54,male,T20,T20,20,2020/21,club,Dubai International Cricket Stadium,134,6,134,field,6,60,0,184,win
1216531,2020,6,Unknown,10/15/2020,Indian Premier League,31,male,T20,T20,20,2020/21,club,Sharjah Cricket Stadium,1,1,494,bat,494,0,8,1409,win
1216532,2020,6,Abu Dhabi,9/29/2020,Indian Premier League,11,male,T20,T20,20,2020/21,club,Sheikh Zayed Stadium,252,2,252,field,2,15,0,22,win
1216533,2020,6,Abu Dhabi,10/19/2020,Indian Premier League,37,male,T20,T20,20,2020/21,club,Sheikh Zayed Stadium,129,129,134,bat,134,0,7,24,win
1216534,2020,6,Unknown,9/21/2020,Indian Premier League,3,male,T20,T20,20,2020/21,club,Dubai International Cricket Stadium,2,1,2,field,1,10,0,10,win
1216535,2020,6,Unknown,10/31/2020,Indian Premier League,51,male,T20,T20,20,2020/21,club,Dubai International Cricket Stadium,3,252,3,field,3,0,9,347,win
1216536,2020,6,Unknown,10/29/2020,Indian Premier League,49,male,T20,T20,20,2020/21,club,Dubai International Cricket Stadium,129,6,129,field,129,0,6,4119,win
1216537,2020,6,Abu Dhabi,10/30/2020,Indian Premier League,50,male,T20,T20,20,2020/21,club,Sheikh Zayed Stadium,134,494,134,field,134,0,7,37,win
1216538,2020,6,Unknown,10/4/2020,Indian Premier League,17,male,T20,T20,20,2020/21,club,Sharjah Cricket Stadium,3,3,2,bat,3,34,0,66,win
1216539,2020,6,Unknown,9/25/2020,Indian Premier League,7,male,T20,T20,20,2020/21,club,Dubai International Cricket Stadium,129,252,129,field,252,44,0,1849,win
1216540,2020,6,Unknown,10/12/2020,Indian Premier League,28,male,T20,T20,20,2020/21,club,Sharjah Cricket Stadium,1,1,6,bat,1,82,0,245,win
1216541,2020,6,Abu Dhabi,10/25/2020,Indian Premier League,45,male,T20,T20,20,2020/21,club,Sheikh Zayed Stadium,3,3,134,bat,134,0,8,37,win
1216542,2020,6,Unknown,10/8/2020,Indian Premier League,22,male,T20,T20,20,2020/21,club,Dubai International Cricket Stadium,2,2,494,bat,2,69,0,2719,win
1216543,2020,6,Unknown,10/14/2020,Indian Premier League,30,male,T20,T20,20,2020/21,club,Dubai International Cricket Stadium,252,252,134,bat,252,13,0,4047,win
1216544,2020,6,Unknown,10/25/2020,Indian Premier League,44,male,T20,T20,20,2020/21,club,Dubai International Cricket Stadium,1,1,129,bat,129,0,8,4119,win
1216545,2020,6,Abu Dhabi,9/26/2020,Indian Premier League,8,male,T20,T20,20,2020/21,club,Sheikh Zayed Stadium,2,2,6,bat,6,0,7,1580,win
1216546,2020,6,Unknown,10/20/2020,Indian Premier League,38,male,T20,T20,20,2020/21,club,Dubai International Cricket Stadium,252,252,494,bat,494,0,5,13,win
1216547,2020,6,Unknown,9/28/2020,Indian Premier League,10,male,T20,T20,20,2020/21,club,Dubai International Cricket Stadium,3,1,3,field,3,0,0,245,tie
1237177,2020,6,Unknown,11/5/2020,Indian Premier League,League Match,male,T20,T20,20,2020/21,club,Dubai International Cricket Stadium,252,3,252,field,3,57,0,33,win
1237178,2020,6,Abu Dhabi,11/6/2020,Indian Premier League,League Match,male,T20,T20,20,2020/21,club,Sheikh Zayed Stadium,2,1,2,field,2,0,6,531,win
1237180,2020,6,Abu Dhabi,11/8/2020,Indian Premier League,League Match,male,T20,T20,20,2020/21,club,Sheikh Zayed Stadium,252,252,2,bat,252,17,0,73,win
1237181,2020,6,Unknown,11/10/2020,Indian Premier League,League Match,male,T20,T20,20,2020/21,club,Dubai International Cricket Stadium,252,252,3,bat,3,0,5,66,win
1254058,2021,6,Chennai,4/9/2021,Indian Premier League,1,male,T20,T20,20,2021,club,"MA Chidambaram Stadium, Chepauk, Chennai",1,3,1,field,1,0,2,1285,win
1254059,2021,6,Mumbai,4/10/2021,Indian Premier League,2,male,T20,T20,20,2021,club,"Wankhede Stadium, Mumbai",252,129,252,field,252,0,7,13,win
1254060,2021,6,Chennai,4/11/2021,Indian Premier League,3,male,T20,T20,20,2021,club,"MA Chidambaram Stadium, Chepauk, Chennai",2,6,2,field,6,10,0,26,win
1254061,2021,6,Mumbai,4/12/2021,Indian Premier League,4,male,T20,T20,20,2021,club,"Wankhede Stadium, Mumbai",134,494,134,field,494,4,0,180,win
1254062,2021,6,Chennai,4/13/2021,Indian Premier League,5,male,T20,T20,20,2021,club,"MA Chidambaram Stadium, Chepauk, Chennai",6,3,6,field,3,10,0,163,win
1254063,2021,6,Chennai,4/14/2021,Indian Premier League,6,male,T20,T20,20,2021,club,"MA Chidambaram Stadium, Chepauk, Chennai",2,1,2,field,1,6,0,71,win
1254064,2021,6,Mumbai,4/15/2021,Indian Premier League,7,male,T20,T20,20,2021,club,"Wankhede Stadium, Mumbai",134,252,134,field,134,0,3,438,win
1254065,2021,6,Mumbai,4/16/2021,Indian Premier League,8,male,T20,T20,20,2021,club,"Wankhede Stadium, Mumbai",129,494,129,field,129,0,6,41,win
1254066,2021,6,Chennai,4/17/2021,Indian Premier League,9,male,T20,T20,20,2021,club,"MA Chidambaram Stadium, Chepauk, Chennai",3,3,2,bat,3,13,0,29,win
1254067,2021,6,Chennai,4/18/2021,Indian Premier League,10,male,T20,T20,20,2021,club,"MA Chidambaram Stadium, Chepauk, Chennai",1,1,6,bat,1,38,0,245,win
1254068,2021,6,Mumbai,4/18/2021,Indian Premier League,11,male,T20,T20,20,2021,club,"Wankhede Stadium, Mumbai",252,494,252,field,252,0,6,13,win
1254069,2021,6,Mumbai,4/19/2021,Indian Premier League,12,male,T20,T20,20,2021,club,"Wankhede Stadium, Mumbai",134,129,134,field,129,45,0,2227,win
1254070,2021,6,Chennai,4/20/2021,Indian Premier League,13,male,T20,T20,20,2021,club,"MA Chidambaram Stadium, Chepauk, Chennai",3,3,252,bat,252,0,6,185,win
1254071,2021,6,Chennai,4/21/2021,Indian Premier League,14,male,T20,T20,20,2021,club,"MA Chidambaram Stadium, Chepauk, Chennai",494,494,2,bat,2,0,9,2719,win
1254072,2021,6,Mumbai,4/21/2021,Indian Premier League,15,male,T20,T20,20,2021,club,"Wankhede Stadium, Mumbai",6,129,6,field,129,18,0,267,win
1254073,2021,6,Mumbai,4/22/2021,Indian Premier League,16,male,T20,T20,20,2021,club,"Wankhede Stadium, Mumbai",1,134,1,field,1,0,10,4071,win
1254074,2021,6,Chennai,4/23/2021,Indian Premier League,17,male,T20,T20,20,2021,club,"MA Chidambaram Stadium, Chepauk, Chennai",494,3,494,field,494,0,9,1409,win
1254075,2021,6,Mumbai,4/24/2021,Indian Premier League,18,male,T20,T20,20,2021,club,"Wankhede Stadium, Mumbai",134,6,134,field,134,0,6,182,win
1254076,2021,6,Mumbai,4/25/2021,Indian Premier League,19,male,T20,T20,20,2021,club,"Wankhede Stadium, Mumbai",129,129,1,bat,129,69,0,348,win
1254077,2021,6,Chennai,4/25/2021,Indian Premier League,20,male,T20,T20,20,2021,club,"MA Chidambaram Stadium, Chepauk, Chennai",252,252,2,bat,2,0,0,1849,tie
1254078,2021,6,Ahmedabad,4/26/2021,Indian Premier League,21,male,T20,T20,20,2021,club,"Narendra Modi Stadium, Ahmedabad",6,494,6,field,6,0,5,400,win
1254079,2021,6,Ahmedabad,4/27/2021,Indian Premier League,22,male,T20,T20,20,2021,club,"Narendra Modi Stadium, Ahmedabad",252,1,252,field,1,1,0,245,win
1254080,2021,6,Delhi,4/28/2021,Indian Premier League,23,male,T20,T20,20,2021,club,"Arun Jaitley Stadium, Delhi",2,2,129,bat,129,0,7,4119,win
1254081,2021,6,Delhi,4/29/2021,Indian Premier League,24,male,T20,T20,20,2021,club,"Arun Jaitley Stadium, Delhi",3,134,3,field,3,0,7,1421,win
1254082,2021,6,Ahmedabad,4/29/2021,Indian Premier League,25,male,T20,T20,20,2021,club,"Narendra Modi Stadium, Ahmedabad",252,6,252,field,252,0,7,1849,win
1254083,2021,6,Ahmedabad,4/30/2021,Indian Premier League,26,male,T20,T20,20,2021,club,"Narendra Modi Stadium, Ahmedabad",1,494,1,field,494,34,0,3495,win
1254084,2021,6,Delhi,5/1/2021,Indian Premier League,27,male,T20,T20,20,2021,club,"Arun Jaitley Stadium, Delhi",3,129,3,field,3,0,4,29,win
1254085,2021,6,Delhi,5/2/2021,Indian Premier League,28,male,T20,T20,20,2021,club,"Arun Jaitley Stadium, Delhi",2,134,2,field,134,55,0,24,win
1254086,2021,6,Ahmedabad,5/2/2021,Indian Premier League,29,male,T20,T20,20,2021,club,"Narendra Modi Stadium, Ahmedabad",252,494,252,field,252,0,7,35,win
1254087,2021,6,Abu Dhabi,9/20/2021,Indian Premier League,31,male,T20,T20,20,2021,club,"Zayed Cricket Stadium, Abu Dhabi",1,1,6,bat,6,0,9,2825,win
1254088,2021,6,Abu Dhabi,10/8/2021,Indian Premier League,55,male,T20,T20,20,2021,club,"Zayed Cricket Stadium, Abu Dhabi",3,3,2,bat,3,42,0,347,win
1254089,2021,6,Abu Dhabi,10/2/2021,Indian Premier League,47,male,T20,T20,20,2021,club,"Zayed Cricket Stadium, Abu Dhabi",134,129,134,field,134,0,7,4119,win
1254090,2021,6,Sharjah,10/3/2021,Indian Premier League,48,male,T20,T20,20,2021,club,Sharjah Cricket Stadium,1,1,494,bat,1,6,0,71,win
1254091,2021,6,Sharjah,9/30/2021,Indian Premier League,44,male,T20,T20,20,2021,club,Sharjah Cricket Stadium,129,2,129,field,129,0,6,4664,win
1254092,2021,6,Sharjah,9/28/2021,Indian Premier League,41,male,T20,T20,20,2021,club,Sharjah Cricket Stadium,6,252,6,field,6,0,3,65,win
1254093,2021,6,Sharjah,10/5/2021,Indian Premier League,51,male,T20,T20,20,2021,club,Sharjah Cricket Stadium,3,134,3,field,3,0,8,471,win
1254094,2021,6,Dubai,10/7/2021,Indian Premier League,53,male,T20,T20,20,2021,club,Dubai International Cricket Stadium,494,129,494,field,494,0,6,1409,win
1254095,2021,6,Abu Dhabi,10/6/2021,Indian Premier League,52,male,T20,T20,20,2021,club,"Zayed Cricket Stadium, Abu Dhabi",1,2,1,field,2,4,0,531,win
1254096,2021,6,Abu Dhabi,9/23/2021,Indian Premier League,34,male,T20,T20,20,2021,club,"Zayed Cricket Stadium, Abu Dhabi",6,3,6,field,6,0,7,65,win
1254097,2021,6,Abu Dhabi,9/25/2021,Indian Premier League,36,male,T20,T20,20,2021,club,"Zayed Cricket Stadium, Abu Dhabi",134,252,134,field,252,33,0,389,win
1254098,2021,6,Abu Dhabi,9/26/2021,Indian Premier League,38,male,T20,T20,20,2021,club,"Zayed Cricket Stadium, Abu Dhabi",6,6,129,bat,129,0,2,348,win
1254099,2021,6,Abu Dhabi,9/28/2021,Indian Premier League,42,male,T20,T20,20,2021,club,"Zayed Cricket Stadium, Abu Dhabi",3,494,3,field,3,0,6,29,win
1254100,2021,6,Dubai,9/27/2021,Indian Premier League,40,male,T20,T20,20,2021,club,Dubai International Cricket Stadium,134,134,2,bat,2,0,7,45,win
1254101,2021,6,Dubai,10/8/2021,Indian Premier League,56,male,T20,T20,20,2021,club,Dubai International Cricket Stadium,1,252,1,field,1,0,7,5976,win
1254102,2021,6,Dubai,10/1/2021,Indian Premier League,45,male,T20,T20,20,2021,club,Dubai International Cricket Stadium,494,6,494,field,494,0,5,1409,win
1254103,2021,6,Dubai,9/29/2021,Indian Premier League,43,male,T20,T20,20,2021,club,Dubai International Cricket Stadium,1,134,1,field,1,0,7,10,win
1254104,2021,6,Dubai,9/19/2021,Indian Premier League,30,male,T20,T20,20,2021,club,Dubai International Cricket Stadium,129,129,3,bat,129,20,0,4119,win
1254105,2021,6,Dubai,9/22/2021,Indian Premier League,33,male,T20,T20,20,2021,club,Dubai International Cricket Stadium,2,2,252,bat,252,0,8,4047,win
1254106,2021,6,Sharjah,10/7/2021,Indian Premier League,54,male,T20,T20,20,2021,club,Sharjah Cricket Stadium,134,6,134,field,6,86,0,1581,win
1254107,2021,6,Sharjah,9/25/2021,Indian Premier League,37,male,T20,T20,20,2021,club,Sharjah Cricket Stadium,2,494,2,field,494,5,0,4098,win
1254108,2021,6,Dubai,9/26/2021,Indian Premier League,39,male,T20,T20,20,2021,club,Dubai International Cricket Stadium,3,1,3,field,1,54,0,71,win
1254109,2021,6,Dubai,10/3/2021,Indian Premier League,49,male,T20,T20,20,2021,club,Dubai International Cricket Stadium,2,2,6,bat,6,0,6,1580,win
1254110,2021,6,Dubai,10/4/2021,Indian Premier League,50,male,T20,T20,20,2021,club,Dubai International Cricket Stadium,252,129,252,field,252,0,3,70,win
1254111,2021,6,Dubai,9/21/2021,Indian Premier League,32,male,T20,T20,20,2021,club,Dubai International Cricket Stadium,494,134,494,field,134,2,0,4212,win
1254112,2021,6,Sharjah,10/2/2021,Indian Premier League,46,male,T20,T20,20,2021,club,Sharjah Cricket Stadium,252,3,252,field,252,0,4,70,win
1254113,2021,6,Sharjah,9/24/2021,Indian Premier League,35,male,T20,T20,20,2021,club,Sharjah Cricket Stadium,129,1,129,field,129,0,6,1393,win
1254114,2021,6,Dubai,10/10/2021,Indian Premier League,League Match,male,T20,T20,20,2021,club,Dubai International Cricket Stadium,129,252,129,field,129,0,4,4119,win
1254115,2021,6,Sharjah,10/11/2021,Indian Premier League,League Match,male,T20,T20,20,2021,club,Sharjah Cricket Stadium,1,1,6,bat,6,0,4,65,win
1254116,2021,6,Sharjah,10/13/2021,Indian Premier League,League Match,male,T20,T20,20,2021,club,Sharjah Cricket Stadium,6,252,6,field,6,0,3,5986,win
1254117,2021,6,Dubai,10/15/2021,Indian Premier League,League Match,male,T20,T20,20,2021,club,Dubai International Cricket Stadium,6,129,6,field,129,27,0,267,win
1304047,2022,6,Mumbai,3/26/2022,Indian Premier League,1,male,T20,T20,20,2022,club,"Wankhede Stadium, Mumbai",6,129,6,field,6,0,6,318,win
1304048,2022,6,Mumbai,3/27/2022,Indian Premier League,2,male,T20,T20,20,2022,club,"Brabourne Stadium, Mumbai",252,3,252,field,252,0,4,64,win
1304049,2022,6,Mumbai,3/27/2022,Indian Premier League,3,male,T20,T20,20,2022,club,"Dr DY Patil Sports Academy, Mumbai",494,1,494,field,494,0,5,6717,win
1304050,2022,6,Mumbai,3/28/2022,Indian Premier League,4,male,T20,T20,20,2022,club,"Wankhede Stadium, Mumbai",615,614,615,field,615,0,5,460,win
1304051,2022,6,Pune,3/29/2022,Indian Premier League,5,male,T20,T20,20,2022,club,"Maharashtra Cricket Association Stadium, Pune",2,134,2,field,134,61,0,180,win
1304052,2022,6,Mumbai,3/30/2022,Indian Premier League,6,male,T20,T20,20,2022,club,"Dr DY Patil Sports Academy, Mumbai",1,6,1,field,1,0,3,5980,win
1304053,2022,6,Mumbai,3/31/2022,Indian Premier League,7,male,T20,T20,20,2022,club,"Brabourne Stadium, Mumbai",614,129,614,field,614,0,6,1377,win
1304054,2022,6,Mumbai,4/1/2022,Indian Premier League,8,male,T20,T20,20,2022,club,"Wankhede Stadium, Mumbai",6,494,6,field,6,0,6,318,win
1304055,2022,6,Mumbai,4/2/2022,Indian Premier League,9,male,T20,T20,20,2022,club,"Dr DY Patil Sports Academy, Mumbai",3,134,3,field,134,23,0,24,win
1304056,2022,6,Pune,4/2/2022,Indian Premier League,10,male,T20,T20,20,2022,club,"Maharashtra Cricket Association Stadium, Pune",252,615,252,field,615,14,0,361,win
1304057,2022,6,Mumbai,4/3/2022,Indian Premier League,11,male,T20,T20,20,2022,club,"Brabourne Stadium, Mumbai",129,494,129,field,494,54,0,3284,win
1304058,2022,6,Mumbai,4/4/2022,Indian Premier League,12,male,T20,T20,20,2022,club,"Dr DY Patil Sports Academy, Mumbai",2,614,2,field,614,12,0,1286,win
1304059,2022,6,Mumbai,4/5/2022,Indian Premier League,13,male,T20,T20,20,2022,club,"Wankhede Stadium, Mumbai",1,134,1,field,1,0,4,49,win
1304060,2022,6,Pune,4/6/2022,Indian Premier League,14,male,T20,T20,20,2022,club,"Maharashtra Cricket Association Stadium, Pune",6,3,6,field,6,0,5,184,win
1304061,2022,6,Mumbai,4/7/2022,Indian Premier League,15,male,T20,T20,20,2022,club,"Dr DY Patil Sports Academy, Mumbai",614,252,614,field,614,0,6,1421,win
1304062,2022,6,Mumbai,4/8/2022,Indian Premier League,16,male,T20,T20,20,2022,club,"Brabourne Stadium, Mumbai",615,494,615,field,615,0,6,1580,win
1304063,2022,6,Mumbai,4/9/2022,Indian Premier League,17,male,T20,T20,20,2022,club,"Dr DY Patil Sports Academy, Mumbai",2,129,2,field,2,0,8,2349,win
1304064,2022,6,Pune,4/9/2022,Indian Premier League,18,male,T20,T20,20,2022,club,"Maharashtra Cricket Association Stadium, Pune",1,3,1,field,1,0,7,5935,win
1304065,2022,6,Mumbai,4/10/2022,Indian Premier League,19,male,T20,T20,20,2022,club,"Brabourne Stadium, Mumbai",6,252,6,field,252,44,0,64,win
1304066,2022,6,Mumbai,4/10/2022,Indian Premier League,20,male,T20,T20,20,2022,club,"Wankhede Stadium, Mumbai",614,134,614,field,134,3,0,10,win
1304067,2022,6,Mumbai,4/11/2022,Indian Premier League,21,male,T20,T20,20,2022,club,"Dr DY Patil Sports Academy, Mumbai",2,615,2,field,2,0,8,531,win
1304068,2022,6,Mumbai,4/12/2022,Indian Premier League,22,male,T20,T20,20,2022,club,"Dr DY Patil Sports Academy, Mumbai",1,129,1,field,129,23,0,2701,win
1304069,2022,6,Pune,4/13/2022,Indian Premier League,23,male,T20,T20,20,2022,club,"Maharashtra Cricket Association Stadium, Pune",3,494,3,field,494,12,0,35,win
1304070,2022,6,Mumbai,4/14/2022,Indian Premier League,24,male,T20,T20,20,2022,club,"Dr DY Patil Sports Academy, Mumbai",134,615,134,field,615,37,0,30,win
1304071,2022,6,Mumbai,4/15/2022,Indian Premier League,25,male,T20,T20,20,2022,club,"Brabourne Stadium, Mumbai",2,6,2,field,2,0,7,268,win
1304072,2022,6,Mumbai,4/16/2022,Indian Premier League,26,male,T20,T20,20,2022,club,"Brabourne Stadium, Mumbai",3,614,3,field,614,18,0,1409,win
1304073,2022,6,Mumbai,4/16/2022,Indian Premier League,27,male,T20,T20,20,2022,club,"Wankhede Stadium, Mumbai",252,1,252,field,1,16,0,49,win
1304074,2022,6,Mumbai,4/17/2022,Indian Premier League,28,male,T20,T20,20,2022,club,"Dr DY Patil Sports Academy, Mumbai",2,494,2,field,2,0,7,6017,win
1304075,2022,6,Pune,4/17/2022,Indian Premier League,29,male,T20,T20,20,2022,club,"Maharashtra Cricket Association Stadium, Pune",615,129,615,field,615,0,3,72,win
1304076,2022,6,Mumbai,4/18/2022,Indian Premier League,30,male,T20,T20,20,2022,club,"Brabourne Stadium, Mumbai",6,134,6,field,134,7,0,10,win
1304077,2022,6,Mumbai,4/19/2022,Indian Premier League,31,male,T20,T20,20,2022,club,"Dr DY Patil Sports Academy, Mumbai",614,1,614,field,1,18,0,267,win
1304078,2022,6,Mumbai,4/20/2022,Indian Premier League,32,male,T20,T20,20,2022,club,"Brabourne Stadium, Mumbai",252,494,252,field,252,0,9,64,win
1304079,2022,6,Navi Mumbai,4/21/2022,Indian Premier League,33,male,T20,T20,20,2022,club,"Dr DY Patil Sports Academy, Mumbai",129,3,129,field,129,0,3,6798,win
1304080,2022,6,Mumbai,4/22/2022,Indian Premier League,34,male,T20,T20,20,2022,club,"Wankhede Stadium, Mumbai",252,134,252,field,134,15,0,24,win
1304081,2022,6,Navi Mumbai,4/23/2022,Indian Premier League,35,male,T20,T20,20,2022,club,"Dr DY Patil Sports Academy, Mumbai",615,615,6,bat,615,8,0,22,win
1304082,2022,6,Mumbai,4/23/2022,Indian Premier League,36,male,T20,T20,20,2022,club,"Brabourne Stadium, Mumbai",2,1,2,field,2,0,9,5343,win
1304083,2022,6,Mumbai,4/24/2022,Indian Premier League,37,male,T20,T20,20,2022,club,"Wankhede Stadium, Mumbai",3,614,3,field,614,36,0,1409,win
1304084,2022,6,Mumbai,4/25/2022,Indian Premier League,38,male,T20,T20,20,2022,club,"Wankhede Stadium, Mumbai",129,494,129,field,494,11,0,13,win
1304085,2022,6,Pune,4/26/2022,Indian Premier League,39,male,T20,T20,20,2022,club,"Maharashtra Cricket Association Stadium, Pune",1,134,1,field,134,29,0,3230,win
1304086,2022,6,Mumbai,4/27/2022,Indian Premier League,40,male,T20,T20,20,2022,club,"Wankhede Stadium, Mumbai",615,2,615,field,615,0,5,6017,win
1304087,2022,6,Mumbai,4/28/2022,Indian Premier League,41,male,T20,T20,20,2022,club,"Wankhede Stadium, Mumbai",252,6,252,field,252,0,4,64,win
1304088,2022,6,Pune,4/29/2022,Indian Premier League,42,male,T20,T20,20,2022,club,"Maharashtra Cricket Association Stadium, Pune",494,614,494,field,614,20,0,28,win
1304089,2022,6,Mumbai,4/30/2022,Indian Premier League,43,male,T20,T20,20,2022,club,"Brabourne Stadium, Mumbai",1,1,615,bat,615,0,6,1119,win
1304090,2022,6,Navi Mumbai,4/30/2022,Indian Premier League,44,male,T20,T20,20,2022,club,"Dr DY Patil Sports Academy, Mumbai",3,134,3,field,3,0,5,61,win
1304091,2022,6,Mumbai,5/1/2022,Indian Premier League,45,male,T20,T20,20,2022,club,"Wankhede Stadium, Mumbai",614,614,252,bat,614,6,0,6730,win
1304092,2022,6,Pune,5/1/2022,Indian Premier League,46,male,T20,T20,20,2022,club,"Maharashtra Cricket Association Stadium, Pune",2,129,2,field,129,13,0,4119,win
1304093,2022,6,Mumbai,5/2/2022,Indian Premier League,47,male,T20,T20,20,2022,club,"Wankhede Stadium, Mumbai",6,134,6,field,6,0,7,1436,win
1304094,2022,6,Navi Mumbai,5/3/2022,Indian Premier League,48,male,T20,T20,20,2022,club,"Dr DY Patil Sports Academy, Mumbai",615,615,494,bat,494,0,8,590,win
1304095,2022,6,Pune,5/4/2022,Indian Premier League,49,male,T20,T20,20,2022,club,"Maharashtra Cricket Association Stadium, Pune",129,1,129,field,1,13,0,1285,win
1304096,2022,6,Mumbai,5/5/2022,Indian Premier League,50,male,T20,T20,20,2022,club,"Brabourne Stadium, Mumbai",2,252,2,field,252,21,0,12,win
1304097,2022,6,Mumbai,5/6/2022,Indian Premier League,51,male,T20,T20,20,2022,club,"Brabourne Stadium, Mumbai",615,3,615,field,3,5,0,6550,win
1304098,2022,6,Mumbai,5/7/2022,Indian Premier League,52,male,T20,T20,20,2022,club,"Wankhede Stadium, Mumbai",494,494,134,bat,134,0,6,4104,win
1304099,2022,6,Pune,5/7/2022,Indian Premier League,53,male,T20,T20,20,2022,club,"Maharashtra Cricket Association Stadium, Pune",6,614,6,field,614,75,0,1286,win
1304100,2022,6,Mumbai,5/8/2022,Indian Premier League,54,male,T20,T20,20,2022,club,"Wankhede Stadium, Mumbai",1,1,2,bat,1,67,0,5980,win
1304101,2022,6,Navi Mumbai,5/8/2022,Indian Premier League,55,male,T20,T20,20,2022,club,"Dr DY Patil Sports Academy, Mumbai",252,129,252,field,129,91,0,6657,win
1304102,2022,6,Navi Mumbai,5/9/2022,Indian Premier League,56,male,T20,T20,20,2022,club,"Dr DY Patil Sports Academy, Mumbai",3,6,3,field,6,52,0,33,win
1304103,2022,6,Pune,5/10/2022,Indian Premier League,57,male,T20,T20,20,2022,club,"Maharashtra Cricket Association Stadium, Pune",615,615,614,bat,615,62,0,1580,win
1304104,2022,6,Navi Mumbai,5/11/2022,Indian Premier League,58,male,T20,T20,20,2022,club,"Dr DY Patil Sports Academy, Mumbai",252,134,252,field,252,0,8,4960,win
1304105,2022,6,Mumbai,5/12/2022,Indian Premier League,59,male,T20,T20,20,2022,club,"Wankhede Stadium, Mumbai",3,129,3,field,3,0,5,4320,win
1304106,2022,6,Mumbai,5/13/2022,Indian Premier League,60,male,T20,T20,20,2022,club,"Brabourne Stadium, Mumbai",1,494,1,field,494,54,0,2719,win
1304107,2022,6,Pune,5/14/2022,Indian Premier League,61,male,T20,T20,20,2022,club,"Maharashtra Cricket Association Stadium, Pune",6,6,2,bat,6,54,0,1437,win
1304108,2022,6,Mumbai,5/15/2022,Indian Premier League,62,male,T20,T20,20,2022,club,"Wankhede Stadium, Mumbai",129,129,615,bat,615,0,7,69,win
1304109,2022,6,Mumbai,5/15/2022,Indian Premier League,63,male,T20,T20,20,2022,club,"Brabourne Stadium, Mumbai",134,134,614,bat,134,24,0,66,win
1304110,2022,6,Navi Mumbai,5/16/2022,Indian Premier League,64,male,T20,T20,20,2022,club,"Dr DY Patil Sports Academy, Mumbai",494,252,494,field,252,17,0,360,win
1304111,2022,6,Mumbai,5/17/2022,Indian Premier League,65,male,T20,T20,20,2022,club,"Wankhede Stadium, Mumbai",3,2,3,field,2,3,0,268,win
1304112,2022,6,Navi Mumbai,5/18/2022,Indian Premier League,66,male,T20,T20,20,2022,club,"Dr DY Patil Sports Academy, Mumbai",614,614,6,bat,614,2,0,1421,win
1304113,2022,6,Mumbai,5/19/2022,Indian Premier League,67,male,T20,T20,20,2022,club,"Wankhede Stadium, Mumbai",615,615,1,bat,1,0,8,332,win
1304114,2022,6,Mumbai,5/20/2022,Indian Premier League,68,male,T20,T20,20,2022,club,"Brabourne Stadium, Mumbai",129,129,134,bat,134,0,5,1416,win
1304115,2022,6,Mumbai,5/21/2022,Indian Premier League,69,male,T20,T20,20,2022,club,"Wankhede Stadium, Mumbai",3,252,3,field,3,0,5,33,win
1304116,2022,6,Mumbai,5/22/2022,Indian Premier League,70,male,T20,T20,20,2022,club,"Wankhede Stadium, Mumbai",2,2,494,bat,494,0,5,3495,win
1312197,2022,6,Kolkata,5/24/2022,Indian Premier League,League Match,male,T20,T20,20,2022,club,"Eden Gardens, Kolkata",615,134,615,field,615,0,7,72,win
1312198,2022,6,Kolkata,5/25/2022,Indian Premier League,League Match,male,T20,T20,20,2022,club,"Eden Gardens, Kolkata",614,1,614,field,1,14,0,5349,win
1312199,2022,6,Ahmedabad,5/27/2022,Indian Premier League,League Match,male,T20,T20,20,2022,club,"Narendra Modi Stadium, Ahmedabad",134,1,134,field,134,0,7,24,win
1312200,2022,6,Ahmedabad,5/29/2022,Indian Premier League,League Match,male,T20,T20,20,2022,club,"Narendra Modi Stadium, Ahmedabad",134,134,615,bat,615,0,7,30,win
1359475,2023,6,Ahmedabad,3/31/2023,Indian Premier League,1,male,T20,T20,20,2023,club,"Narendra Modi Stadium, Ahmedabad",615,129,615,field,615,0,5,22,win
1359476,2023,6,Chandigarh,4/1/2023,Indian Premier League,2,male,T20,T20,20,2023,club,"Punjab Cricket Association IS Bindra Stadium, Mohali, Chandigarh",6,494,6,field,494,7,0,3388,win
1359477,2023,6,Lucknow,4/1/2023,Indian Premier League,3,male,T20,T20,20,2023,club,"Bharat Ratna Shri Atal Bihari Vajpayee Ekana Cricket Stadium, Lucknow",252,614,252,field,614,50,0,1396,win
1359478,2023,6,Hyderabad,4/2/2023,Indian Premier League,4,male,T20,T20,20,2023,club,"Rajiv Gandhi International Stadium, Uppal, Hyderabad",2,134,2,field,134,72,0,24,win
1359479,2023,6,Bengaluru,4/2/2023,Indian Premier League,5,male,T20,T20,20,2023,club,"M Chinnaswamy Stadium, Bengaluru",1,3,1,field,1,0,8,267,win
1359480,2023,6,Chennai,4/3/2023,Indian Premier League,6,male,T20,T20,20,2023,club,"MA Chidambaram Stadium, Chepauk, Chennai",614,129,614,field,129,12,0,2227,win
1359481,2023,6,Delhi,4/4/2023,Indian Premier League,7,male,T20,T20,20,2023,club,"Arun Jaitley Stadium, Delhi",615,252,615,field,615,0,6,6999,win
1359482,2023,6,Guwahati,4/5/2023,Indian Premier League,8,male,T20,T20,20,2023,club,"Barsapara Cricket Stadium, Guwahati",134,494,134,field,494,5,0,6245,win
1359483,2023,6,Kolkata,4/6/2023,Indian Premier League,9,male,T20,T20,20,2023,club,"Eden Gardens, Kolkata",1,6,1,field,6,81,0,360,win
1359484,2023,6,Lucknow,4/7/2023,Indian Premier League,10,male,T20,T20,20,2023,club,"Bharat Ratna Shri Atal Bihari Vajpayee Ekana Cricket Stadium, Lucknow",2,2,614,bat,614,0,5,28,win
1359485,2023,6,Guwahati,4/8/2023,Indian Premier League,11,male,T20,T20,20,2023,club,"Barsapara Cricket Stadium, Guwahati",252,134,252,field,134,57,0,4104,win
1359486,2023,6,Mumbai,4/8/2023,Indian Premier League,12,male,T20,T20,20,2023,club,"Wankhede Stadium, Mumbai",129,3,129,field,129,0,7,348,win
1359487,2023,6,Ahmedabad,4/9/2023,Indian Premier League,13,male,T20,T20,20,2023,club,"Narendra Modi Stadium, Ahmedabad",615,615,6,bat,6,0,3,1436,win
1359488,2023,6,Hyderabad,4/9/2023,Indian Premier League,14,male,T20,T20,20,2023,club,"Rajiv Gandhi International Stadium, Uppal, Hyderabad",2,494,2,field,2,0,8,13,win
1359489,2023,6,Bengaluru,4/10/2023,Indian Premier League,15,male,T20,T20,20,2023,club,"M Chinnaswamy Stadium, Bengaluru",614,1,614,field,614,0,1,2766,win
1359490,2023,6,Delhi,4/11/2023,Indian Premier League,16,male,T20,T20,20,2023,club,"Arun Jaitley Stadium, Delhi",3,252,3,field,3,0,6,25,win
1359491,2023,6,Chennai,4/12/2023,Indian Premier League,17,male,T20,T20,20,2023,club,"MA Chidambaram Stadium, Chepauk, Chennai",129,134,129,field,134,3,0,1416,win
1359492,2023,6,Chandigarh,4/13/2023,Indian Premier League,18,male,T20,T20,20,2023,club,"Punjab Cricket Association IS Bindra Stadium, Mohali, Chandigarh",615,494,615,field,615,0,6,75,win
1359493,2023,6,Kolkata,4/14/2023,Indian Premier League,19,male,T20,T20,20,2023,club,"Eden Gardens, Kolkata",6,2,6,field,2,23,0,8372,win
1359494,2023,6,Bengaluru,4/15/2023,Indian Premier League,20,male,T20,T20,20,2023,club,"M Chinnaswamy Stadium, Bengaluru",252,1,252,field,1,23,0,332,win
1359495,2023,6,Lucknow,4/15/2023,Indian Premier League,21,male,T20,T20,20,2023,club,"Bharat Ratna Shri Atal Bihari Vajpayee Ekana Cricket Stadium, Lucknow",494,614,494,field,494,0,2,8312,win
1359496,2023,6,Mumbai,4/16/2023,Indian Premier League,22,male,T20,T20,20,2023,club,"Wankhede Stadium, Mumbai",3,6,3,field,3,0,5,5986,win
1359497,2023,6,Ahmedabad,4/16/2023,Indian Premier League,23,male,T20,T20,20,2023,club,"Narendra Modi Stadium, Ahmedabad",134,615,134,field,134,0,3,2700,win
1359498,2023,6,Bengaluru,4/17/2023,Indian Premier League,24,male,T20,T20,20,2023,club,"M Chinnaswamy Stadium, Bengaluru",1,129,1,field,129,8,0,6657,win
1359499,2023,6,Hyderabad,4/18/2023,Indian Premier League,25,male,T20,T20,20,2023,club,"Rajiv Gandhi International Stadium, Uppal, Hyderabad",2,3,2,field,3,14,0,8383,win
1359500,2023,6,Jaipur,4/19/2023,Indian Premier League,26,male,T20,T20,20,2023,club,"Sawai Mansingh Stadium, Jaipur",134,614,134,field,614,10,0,73,win
1359501,2023,6,Chandigarh,4/20/2023,Indian Premier League,27,male,T20,T20,20,2023,club,"Punjab Cricket Association IS Bindra Stadium, Mohali, Chandigarh",494,1,494,field,1,24,0,538,win
1359502,2023,6,Delhi,4/20/2023,Indian Premier League,28,male,T20,T20,20,2023,club,"Arun Jaitley Stadium, Delhi",252,6,252,field,252,0,4,308,win
1359503,2023,6,Chennai,4/21/2023,Indian Premier League,29,male,T20,T20,20,2023,club,"MA Chidambaram Stadium, Chepauk, Chennai",129,2,129,field,129,0,7,348,win
1359504,2023,6,Lucknow,4/22/2023,Indian Premier League,30,male,T20,T20,20,2023,club,"Bharat Ratna Shri Atal Bihari Vajpayee Ekana Cricket Stadium, Lucknow",615,615,614,bat,615,7,0,75,win
1359505,2023,6,Mumbai,4/22/2023,Indian Premier League,31,male,T20,T20,20,2023,club,"Wankhede Stadium, Mumbai",3,494,3,field,494,13,0,2768,win
1359506,2023,6,Bengaluru,4/23/2023,Indian Premier League,32,male,T20,T20,20,2023,club,"M Chinnaswamy Stadium, Bengaluru",134,1,134,field,1,7,0,71,win
1359507,2023,6,Kolkata,4/23/2023,Indian Premier League,33,male,T20,T20,20,2023,club,"Eden Gardens, Kolkata",6,129,6,field,129,49,0,34,win
1359508,2023,6,Hyderabad,4/24/2023,Indian Premier League,34,male,T20,T20,20,2023,club,"Rajiv Gandhi International Stadium, Uppal, Hyderabad",252,252,2,bat,252,7,0,70,win
1359509,2023,6,Ahmedabad,4/25/2023,Indian Premier League,35,male,T20,T20,20,2023,club,"Narendra Modi Stadium, Ahmedabad",3,615,3,field,615,55,0,6739,win
1359510,2023,6,Bengaluru,4/26/2023,Indian Premier League,36,male,T20,T20,20,2023,club,"M Chinnaswamy Stadium, Bengaluru",1,6,1,field,6,21,0,2825,win
1359511,2023,6,Jaipur,4/27/2023,Indian Premier League,37,male,T20,T20,20,2023,club,"Sawai Mansingh Stadium, Jaipur",134,134,129,bat,134,32,0,4104,win
1359512,2023,6,Chandigarh,4/28/2023,Indian Premier League,38,male,T20,T20,20,2023,club,"Punjab Cricket Association IS Bindra Stadium, Mohali, Chandigarh",494,614,494,field,614,56,0,73,win
1359513,2023,6,Kolkata,4/29/2023,Indian Premier League,39,male,T20,T20,20,2023,club,"Eden Gardens, Kolkata",615,6,615,field,615,0,7,8305,win
1359514,2023,6,Delhi,4/29/2023,Indian Premier League,40,male,T20,T20,20,2023,club,"Arun Jaitley Stadium, Delhi",2,2,252,bat,2,9,0,4960,win
1359515,2023,6,Chennai,4/30/2023,Indian Premier League,41,male,T20,T20,20,2023,club,"MA Chidambaram Stadium, Chepauk, Chennai",129,129,494,bat,494,0,4,6657,win
1359516,2023,6,Mumbai,4/30/2023,Indian Premier League,42,male,T20,T20,20,2023,club,"Wankhede Stadium, Mumbai",134,134,3,bat,3,0,6,4104,win
1359517,2023,6,Lucknow,5/1/2023,Indian Premier League,43,male,T20,T20,20,2023,club,"Bharat Ratna Shri Atal Bihari Vajpayee Ekana Cricket Stadium, Lucknow",1,1,614,bat,1,18,0,267,win
1359518,2023,6,Ahmedabad,5/2/2023,Indian Premier League,44,male,T20,T20,20,2023,club,"Narendra Modi Stadium, Ahmedabad",252,252,615,bat,252,5,0,460,win
1359519,2023,6,Lucknow,5/3/2023,Indian Premier League,45,male,T20,T20,20,2023,club,"Bharat Ratna Shri Atal Bihari Vajpayee Ekana Cricket Stadium, Lucknow",129,614,129,field,129,0,0,Not Awarded,no result
1359520,2023,6,Chandigarh,5/3/2023,Indian Premier League,46,male,T20,T20,20,2023,club,"Punjab Cricket Association IS Bindra Stadium, Mohali, Chandigarh",3,494,3,field,3,0,6,347,win
1359521,2023,6,Hyderabad,5/4/2023,Indian Premier League,47,male,T20,T20,20,2023,club,"Rajiv Gandhi International Stadium, Uppal, Hyderabad",6,6,2,bat,6,5,0,2825,win
1359522,2023,6,Jaipur,5/5/2023,Indian Premier League,48,male,T20,T20,20,2023,club,"Sawai Mansingh Stadium, Jaipur",134,134,615,bat,615,0,9,22,win
1359523,2023,6,Chennai,5/6/2023,Indian Premier League,49,male,T20,T20,20,2023,club,"MA Chidambaram Stadium, Chepauk, Chennai",129,3,129,field,129,0,6,8007,win
1359524,2023,6,Delhi,5/6/2023,Indian Premier League,50,male,T20,T20,20,2023,club,"Arun Jaitley Stadium, Delhi",1,1,252,bat,252,0,7,8945,win
1359525,2023,6,Ahmedabad,5/7/2023,Indian Premier League,51,male,T20,T20,20,2023,club,"Narendra Modi Stadium, Ahmedabad",614,615,614,field,615,56,0,1580,win
1359526,2023,6,Jaipur,5/7/2023,Indian Premier League,52,male,T20,T20,20,2023,club,"Sawai Mansingh Stadium, Jaipur",134,134,2,bat,2,0,4,6033,win
1359527,2023,6,Kolkata,5/8/2023,Indian Premier League,53,male,T20,T20,20,2023,club,"Eden Gardens, Kolkata",494,494,6,bat,6,0,5,1437,win
1359528,2023,6,Mumbai,5/9/2023,Indian Premier League,54,male,T20,T20,20,2023,club,"Wankhede Stadium, Mumbai",3,1,3,field,3,0,6,61,win
1359529,2023,6,Chennai,5/10/2023,Indian Premier League,55,male,T20,T20,20,2023,club,"MA Chidambaram Stadium, Chepauk, Chennai",129,129,252,bat,129,27,0,348,win
1359530,2023,6,Kolkata,5/11/2023,Indian Premier League,56,male,T20,T20,20,2023,club,"Eden Gardens, Kolkata",134,6,134,field,134,0,9,4104,win
1359531,2023,6,Mumbai,5/12/2023,Indian Premier League,57,male,T20,T20,20,2023,club,"Wankhede Stadium, Mumbai",615,3,615,field,3,27,0,61,win
1359532,2023,6,Hyderabad,5/13/2023,Indian Premier League,58,male,T20,T20,20,2023,club,"Rajiv Gandhi International Stadium, Uppal, Hyderabad",2,2,614,bat,614,0,7,8191,win
1359533,2023,6,Delhi,5/13/2023,Indian Premier League,59,male,T20,T20,20,2023,club,"Arun Jaitley Stadium, Delhi",252,494,252,field,494,31,0,3747,win
1359534,2023,6,Jaipur,5/14/2023,Indian Premier League,60,male,T20,T20,20,2023,club,"Sawai Mansingh Stadium, Jaipur",1,1,134,bat,1,112,0,8626,win
1359535,2023,6,Chennai,5/14/2023,Indian Premier League,61,male,T20,T20,20,2023,club,"MA Chidambaram Stadium, Chepauk, Chennai",129,129,6,bat,6,0,6,1436,win
1359536,2023,6,Ahmedabad,5/15/2023,Indian Premier League,62,male,T20,T20,20,2023,club,"Narendra Modi Stadium, Ahmedabad",2,615,2,field,615,34,0,1580,win
1359537,2023,6,Lucknow,5/16/2023,Indian Premier League,63,male,T20,T20,20,2023,club,"Bharat Ratna Shri Atal Bihari Vajpayee Ekana Cricket Stadium, Lucknow",3,614,3,field,614,5,0,73,win
1359538,2023,6,Dharamsala,5/17/2023,Indian Premier League,64,male,T20,T20,20,2023,club,"Himachal Pradesh Cricket Association Stadium, Dharamsala",494,252,494,field,252,15,0,8349,win
1359539,2023,6,Hyderabad,5/18/2023,Indian Premier League,65,male,T20,T20,20,2023,club,"Rajiv Gandhi International Stadium, Uppal, Hyderabad",1,2,1,field,1,0,8,332,win
1359540,2023,6,Dharamsala,5/19/2023,Indian Premier League,66,male,T20,T20,20,2023,club,"Himachal Pradesh Cricket Association Stadium, Dharamsala",134,494,134,field,134,0,4,4071,win
1359541,2023,6,Delhi,5/20/2023,Indian Premier League,67,male,T20,T20,20,2023,club,"Arun Jaitley Stadium, Delhi",129,129,252,bat,129,77,0,4119,win
1359542,2023,6,Kolkata,5/20/2023,Indian Premier League,68,male,T20,T20,20,2023,club,"Eden Gardens, Kolkata",6,614,6,field,614,1,0,2766,win
1359543,2023,6,Mumbai,5/21/2023,Indian Premier League,69,male,T20,T20,20,2023,club,"Wankhede Stadium, Mumbai",3,2,3,field,3,0,8,8383,win
1359544,2023,6,Bengaluru,5/21/2023,Indian Premier League,70,male,T20,T20,20,2023,club,"M Chinnaswamy Stadium, Bengaluru",615,1,615,field,615,0,6,1580,win
1370350,2023,6,Chennai,5/23/2023,Indian Premier League,League Match,male,T20,T20,20,2023,club,"MA Chidambaram Stadium, Chepauk, Chennai",615,129,615,field,129,15,0,4119,win
1370351,2023,6,Chennai,5/24/2023,Indian Premier League,League Match,male,T20,T20,20,2023,club,"MA Chidambaram Stadium, Chepauk, Chennai",3,3,614,bat,3,81,0,9371,win
1370352,2023,6,Ahmedabad,5/26/2023,Indian Premier League,League Match,male,T20,T20,20,2023,club,"Narendra Modi Stadium, Ahmedabad",3,615,3,field,615,62,0,1580,win
1370353,2023,6,Ahmedabad,5/29/2023,Indian Premier League,League Match,male,T20,T20,20,2023,club,"Narendra Modi Stadium, Ahmedabad",129,615,129,field,129,0,5,6657,win
1422119,2024,6,Chennai,3/22/2024,Indian Premier League,1,male,T20,T20,20,2024,club,"MA Chidambaram Stadium, Chepauk, Chennai",1,1,129,bat,129,0,6,297,win
1422120,2024,6,Mohali,3/23/2024,Indian Premier League,2,male,T20,T20,20,2024,club,"Maharaja Yadavindra Singh International Cricket Stadium, Mullanpur",494,252,494,field,494,0,4,2768,win
1422121,2024,6,Kolkata,3/23/2024,Indian Premier League,3,male,T20,T20,20,2024,club,"Eden Gardens, Kolkata",2,6,2,field,6,4,0,1437,win
1422122,2024,6,Jaipur,3/24/2024,Indian Premier League,4,male,T20,T20,20,2024,club,"Sawai Mansingh Stadium, Jaipur",134,134,614,bat,134,20,0,180,win
1422123,2024,6,Ahmedabad,3/24/2024,Indian Premier League,5,male,T20,T20,20,2024,club,"Narendra Modi Stadium, Ahmedabad",3,615,3,field,615,6,0,6999,win
1422124,2024,6,Bengaluru,3/25/2024,Indian Premier League,6,male,T20,T20,20,2024,club,"M Chinnaswamy Stadium, Bengaluru",1,494,1,field,1,0,4,332,win
1422125,2024,6,Chennai,3/26/2024,Indian Premier League,7,male,T20,T20,20,2024,club,"MA Chidambaram Stadium, Chepauk, Chennai",615,129,615,field,129,63,0,2701,win
1422126,2024,6,Hyderabad,3/27/2024,Indian Premier League,8,male,T20,T20,20,2024,club,"Rajiv Gandhi International Stadium, Uppal, Hyderabad",3,2,3,field,2,31,0,2349,win
1422127,2024,6,Jaipur,3/28/2024,Indian Premier League,9,male,T20,T20,20,2024,club,"Sawai Mansingh Stadium, Jaipur",252,134,252,field,134,12,0,3230,win
1422128,2024,6,Bengaluru,3/29/2024,Indian Premier League,10,male,T20,T20,20,2024,club,"M Chinnaswamy Stadium, Bengaluru",6,1,6,field,6,0,7,65,win
1422129,2024,6,Lucknow,3/30/2024,Indian Premier League,11,male,T20,T20,20,2024,club,"Bharat Ratna Shri Atal Bihari Vajpayee Ekana Cricket Stadium, Lucknow",614,614,494,bat,614,21,0,10302,win
1422130,2024,6,Ahmedabad,3/31/2024,Indian Premier League,12,male,T20,T20,20,2024,club,"Narendra Modi Stadium, Ahmedabad",2,2,615,bat,615,0,7,75,win
1422131,2024,6,Visakhapatnam,3/31/2024,Indian Premier League,13,male,T20,T20,20,2024,club,"Dr. Y.S. Rajasekhara Reddy ACA-VDCA Cricket Stadium, Visakhapatnam",252,252,129,bat,252,20,0,2662,win
1422132,2024,6,Mumbai,4/1/2024,Indian Premier League,14,male,T20,T20,20,2024,club,"Wankhede Stadium, Mumbai",134,3,134,field,134,0,6,66,win
1422133,2024,6,Bengaluru,4/2/2024,Indian Premier League,15,male,T20,T20,20,2024,club,"M Chinnaswamy Stadium, Bengaluru",1,614,1,field,614,28,0,10302,win
1422134,2024,6,Visakhapatnam,4/3/2024,Indian Premier League,16,male,T20,T20,20,2024,club,"Dr. Y.S. Rajasekhara Reddy ACA-VDCA Cricket Stadium, Visakhapatnam",6,6,252,bat,6,106,0,65,win
1422135,2024,6,Ahmedabad,4/4/2024,Indian Premier League,17,male,T20,T20,20,2024,club,"Narendra Modi Stadium, Ahmedabad",494,615,494,field,494,0,3,7024,win
1422136,2024,6,Hyderabad,4/5/2024,Indian Premier League,18,male,T20,T20,20,2024,club,"Rajiv Gandhi International Stadium, Uppal, Hyderabad",2,129,2,field,2,0,6,2349,win
1422137,2024,6,Jaipur,4/6/2024,Indian Premier League,19,male,T20,T20,20,2024,club,"Sawai Mansingh Stadium, Jaipur",134,1,134,field,134,0,6,24,win
1422138,2024,6,Mumbai,4/7/2024,Indian Premier League,20,male,T20,T20,20,2024,club,"Wankhede Stadium, Mumbai",252,3,252,field,3,29,0,6761,win
1422139,2024,6,Lucknow,4/7/2024,Indian Premier League,21,male,T20,T20,20,2024,club,"Bharat Ratna Shri Atal Bihari Vajpayee Ekana Cricket Stadium, Lucknow",614,614,615,bat,614,33,0,8425,win
1426260,2024,6,Chennai,4/8/2024,Indian Premier League,22,male,T20,T20,20,2024,club,"MA Chidambaram Stadium, Chepauk, Chennai",129,6,129,field,129,0,7,348,win
1426261,2024,6,Mohali,4/9/2024,Indian Premier League,23,male,T20,T20,20,2024,club,"Maharaja Yadavindra Singh International Cricket Stadium, Mullanpur",494,2,494,field,2,2,0,9824,win
1426262,2024,6,Jaipur,4/10/2024,Indian Premier League,24,male,T20,T20,20,2024,club,"Sawai Mansingh Stadium, Jaipur",615,134,615,field,615,0,3,22,win
1426263,2024,6,Mumbai,4/11/2024,Indian Premier League,25,male,T20,T20,20,2024,club,"Wankhede Stadium, Mumbai",3,1,3,field,3,0,7,33,win
1426264,2024,6,Lucknow,4/12/2024,Indian Premier League,26,male,T20,T20,20,2024,club,"Bharat Ratna Shri Atal Bihari Vajpayee Ekana Cricket Stadium, Lucknow",614,614,252,bat,252,0,6,64,win
1426265,2024,6,Mohali,4/13/2024,Indian Premier League,27,male,T20,T20,20,2024,club,"Maharaja Yadavindra Singh International Cricket Stadium, Mullanpur",134,494,134,field,134,0,3,2700,win
1426266,2024,6,Kolkata,4/14/2024,Indian Premier League,28,male,T20,T20,20,2024,club,"Eden Gardens, Kolkata",6,614,6,field,6,0,8,8945,win
1426267,2024,6,Mumbai,4/14/2024,Indian Premier League,29,male,T20,T20,20,2024,club,"Wankhede Stadium, Mumbai",3,129,3,field,129,20,0,8007,win
1426268,2024,6,Bengaluru,4/15/2024,Indian Premier League,30,male,T20,T20,20,2024,club,"M Chinnaswamy Stadium, Bengaluru",1,2,1,field,2,25,0,3,win
1426269,2024,6,Kolkata,4/16/2024,Indian Premier League,31,male,T20,T20,20,2024,club,"Eden Gardens, Kolkata",134,6,134,field,134,0,2,24,win
1426270,2024,6,Ahmedabad,4/17/2024,Indian Premier League,32,male,T20,T20,20,2024,club,"Narendra Modi Stadium, Ahmedabad",252,615,252,field,252,0,6,181,win
1426271,2024,6,Mohali,4/18/2024,Indian Premier League,33,male,T20,T20,20,2024,club,"Maharaja Yadavindra Singh International Cricket Stadium, Mullanpur",494,3,494,field,3,9,0,33,win
1426272,2024,6,Lucknow,4/19/2024,Indian Premier League,34,male,T20,T20,20,2024,club,"Bharat Ratna Shri Atal Bihari Vajpayee Ekana Cricket Stadium, Lucknow",614,129,614,field,614,0,8,1409,win
1426273,2024,6,Delhi,4/20/2024,Indian Premier League,35,male,T20,T20,20,2024,club,"Arun Jaitley Stadium, Delhi",252,2,252,field,2,67,0,3,win
1426274,2024,6,Kolkata,4/21/2024,Indian Premier League,36,male,T20,T20,20,2024,club,"Eden Gardens, Kolkata",1,6,1,field,6,1,0,1437,win
1426275,2024,6,Mohali,4/21/2024,Indian Premier League,37,male,T20,T20,20,2024,club,"Maharaja Yadavindra Singh International Cricket Stadium, Mullanpur",494,494,615,bat,615,0,3,7895,win
1426276,2024,6,Jaipur,4/22/2024,Indian Premier League,38,male,T20,T20,20,2024,club,"Sawai Mansingh Stadium, Jaipur",3,3,134,bat,134,0,9,76,win
1426277,2024,6,Chennai,4/23/2024,Indian Premier League,39,male,T20,T20,20,2024,club,"MA Chidambaram Stadium, Chepauk, Chennai",614,129,614,field,614,0,6,73,win
1426278,2024,6,Delhi,4/24/2024,Indian Premier League,40,male,T20,T20,20,2024,club,"Arun Jaitley Stadium, Delhi",615,252,615,field,252,4,0,181,win
1426279,2024,6,Hyderabad,4/25/2024,Indian Premier League,41,male,T20,T20,20,2024,club,"Rajiv Gandhi International Stadium, Uppal, Hyderabad",1,1,2,bat,1,35,0,5349,win
1426280,2024,6,Kolkata,4/26/2024,Indian Premier League,42,male,T20,T20,20,2024,club,"Eden Gardens, Kolkata",494,6,494,field,494,0,8,2719,win
1426281,2024,6,Delhi,4/27/2024,Indian Premier League,43,male,T20,T20,20,2024,club,"Arun Jaitley Stadium, Delhi",3,252,3,field,252,10,0,10667,win
1426282,2024,6,Lucknow,4/27/2024,Indian Premier League,44,male,T20,T20,20,2024,club,"Bharat Ratna Shri Atal Bihari Vajpayee Ekana Cricket Stadium, Lucknow",134,614,134,field,134,0,7,180,win
1426283,2024,6,Ahmedabad,4/28/2024,Indian Premier League,45,male,T20,T20,20,2024,club,"Narendra Modi Stadium, Ahmedabad",1,615,1,field,1,0,9,10630,win
1426284,2024,6,Chennai,4/28/2024,Indian Premier League,46,male,T20,T20,20,2024,club,"MA Chidambaram Stadium, Chepauk, Chennai",2,129,2,field,129,78,0,4119,win
1426285,2024,6,Kolkata,4/29/2024,Indian Premier League,47,male,T20,T20,20,2024,club,"Eden Gardens, Kolkata",252,252,6,bat,6,0,7,2825,win
1426286,2024,6,Lucknow,4/30/2024,Indian Premier League,48,male,T20,T20,20,2024,club,"Bharat Ratna Shri Atal Bihari Vajpayee Ekana Cricket Stadium, Lucknow",614,3,614,field,614,0,4,73,win
1426287,2024,6,Chennai,5/1/2024,Indian Premier League,49,male,T20,T20,20,2024,club,"MA Chidambaram Stadium, Chepauk, Chennai",494,129,494,field,494,0,7,3495,win
1426288,2024,6,Hyderabad,5/2/2024,Indian Premier League,50,male,T20,T20,20,2024,club,"Rajiv Gandhi International Stadium, Uppal, Hyderabad",2,2,134,bat,2,1,0,20,win
1426289,2024,6,Mumbai,5/3/2024,Indian Premier League,51,male,T20,T20,20,2024,club,"Wankhede Stadium, Mumbai",3,6,3,field,6,24,0,5986,win
1426290,2024,6,Bengaluru,5/4/2024,Indian Premier League,52,male,T20,T20,20,2024,club,"M Chinnaswamy Stadium, Bengaluru",1,615,1,field,1,0,4,538,win
1426291,2024,6,Dharamsala,5/5/2024,Indian Premier League,53,male,T20,T20,20,2024,club,"Himachal Pradesh Cricket Association Stadium, Dharamsala",494,129,494,field,129,28,0,348,win
1426292,2024,6,Lucknow,5/5/2024,Indian Premier League,54,male,T20,T20,20,2024,club,"Bharat Ratna Shri Atal Bihari Vajpayee Ekana Cricket Stadium, Lucknow",614,6,614,field,6,98,0,65,win
1426293,2024,6,Mumbai,5/6/2024,Indian Premier League,55,male,T20,T20,20,2024,club,"Wankhede Stadium, Mumbai",3,2,3,field,3,0,7,61,win
1426294,2024,6,Delhi,5/7/2024,Indian Premier League,56,male,T20,T20,20,2024,club,"Arun Jaitley Stadium, Delhi",134,252,134,field,252,20,0,64,win
1426295,2024,6,Hyderabad,5/8/2024,Indian Premier League,57,male,T20,T20,20,2024,club,"Rajiv Gandhi International Stadium, Uppal, Hyderabad",614,614,2,bat,2,0,10,3,win
1426296,2024,6,Dharamsala,5/9/2024,Indian Premier League,58,male,T20,T20,20,2024,club,"Himachal Pradesh Cricket Association Stadium, Dharamsala",494,1,494,field,1,60,0,332,win
1426297,2024,6,Ahmedabad,5/10/2024,Indian Premier League,59,male,T20,T20,20,2024,club,"Narendra Modi Stadium, Ahmedabad",129,615,129,field,615,35,0,1580,win
1426298,2024,6,Kolkata,5/11/2024,Indian Premier League,60,male,T20,T20,20,2024,club,"Eden Gardens, Kolkata",3,6,3,field,6,18,0,2825,win
1426299,2024,6,Chennai,5/12/2024,Indian Premier League,61,male,T20,T20,20,2024,club,"MA Chidambaram Stadium, Chepauk, Chennai",134,134,129,bat,129,0,5,7652,win
1426300,2024,6,Bengaluru,5/12/2024,Indian Premier League,62,male,T20,T20,20,2024,club,"M Chinnaswamy Stadium, Bengaluru",252,1,252,field,1,47,0,8383,win
1426302,2024,6,Delhi,5/14/2024,Indian Premier League,64,male,T20,T20,20,2024,club,"Arun Jaitley Stadium, Delhi",614,252,614,field,252,19,0,308,win
1426303,2024,6,Guwahati,5/15/2024,Indian Premier League,65,male,T20,T20,20,2024,club,"Barsapara Cricket Stadium, Guwahati",134,134,494,bat,494,0,5,2768,win
1426305,2024,6,Mumbai,5/17/2024,Indian Premier League,67,male,T20,T20,20,2024,club,"Wankhede Stadium, Mumbai",3,614,3,field,614,18,0,2766,win
1426306,2024,6,Bengaluru,5/18/2024,Indian Premier League,68,male,T20,T20,20,2024,club,"M Chinnaswamy Stadium, Bengaluru",129,1,129,field,1,27,0,267,win
1426307,2024,6,Hyderabad,5/19/2024,Indian Premier League,69,male,T20,T20,20,2024,club,"Rajiv Gandhi International Stadium, Uppal, Hyderabad",494,494,2,bat,2,0,4,2349,win
1426309,2024,6,Ahmedabad,5/21/2024,Indian Premier League,League Match,male,T20,T20,20,2024,club,"Narendra Modi Stadium, Ahmedabad",2,2,6,bat,6,0,8,10109,win
1426310,2024,6,Ahmedabad,5/22/2024,Indian Premier League,League Match,male,T20,T20,20,2024,club,"Narendra Modi Stadium, Ahmedabad",134,1,134,field,134,0,4,1416,win
1426311,2024,6,Chennai,5/24/2024,Indian Premier League,League Match,male,T20,T20,20,2024,club,"MA Chidambaram Stadium, Chepauk, Chennai",134,2,134,field,2,36,0,4310,win
1426312,2024,6,Chennai,5/26/2024,Indian Premier League,League Match,male,T20,T20,20,2024,club,"MA Chidambaram Stadium, Chepauk, Chennai",2,2,6,bat,6,0,8,10109,win
1473438,2025,6,Kolkata,3/22/2025,Indian Premier League,1,male,T20,T20,20,2025,club,"Eden Gardens, Kolkata",1,6,1,field,1,0,7,28,win
1473439,2025,6,Hyderabad,3/23/2025,Indian Premier League,2,male,T20,T20,20,2025,club,"Rajiv Gandhi International Stadium, Uppal, Hyderabad",134,2,134,field,2,44,0,347,win
1473440,2025,6,Chennai,3/23/2025,Indian Premier League,3,male,T20,T20,20,2025,club,"MA Chidambaram Stadium, Chepauk, Chennai",129,3,129,field,129,0,4,8809,win
1473441,2025,6,Visakhapatnam,3/24/2025,Indian Premier League,4,male,T20,T20,20,2025,club,"Dr. Y.S. Rajasekhara Reddy ACA-VDCA Cricket Stadium, Visakhapatnam",252,614,252,field,252,0,1,10456,win
1473442,2025,6,Ahmedabad,3/25/2025,Indian Premier League,5,male,T20,T20,20,2025,club,"Narendra Modi Stadium, Ahmedabad",615,494,615,field,494,11,0,389,win
1473443,2025,6,Guwahati,3/26/2025,Indian Premier League,6,male,T20,T20,20,2025,club,"Barsapara Cricket Stadium, Guwahati",6,134,6,field,6,0,8,1421,win
1473444,2025,6,Hyderabad,3/27/2025,Indian Premier League,7,male,T20,T20,20,2025,club,"Rajiv Gandhi International Stadium, Uppal, Hyderabad",614,2,614,field,614,0,5,360,win
1473445,2025,6,Chennai,3/28/2025,Indian Premier League,8,male,T20,T20,20,2025,club,"MA Chidambaram Stadium, Chepauk, Chennai",129,1,129,field,1,50,0,5349,win
335983,2008,6,Chandigarh,4/19/2008,Indian Premier League,2,male,T20,T20,20,2008,club,"Punjab Cricket Association Stadium, Mohali",129,494,129,bat,129,33,0,11943,win
335984,2008,6,Delhi,4/19/2008,Indian Premier League,3,male,T20,T20,20,2008,club,Feroz Shah Kotla,134,252,134,bat,252,0,9,11982,win
335985,2008,6,Mumbai,4/20/2008,Indian Premier League,5,male,T20,T20,20,2008,club,Wankhede Stadium,3,3,1,bat,1,0,5,11935,win
335986,2008,6,Kolkata,4/20/2008,Indian Premier League,4,male,T20,T20,20,2008,club,Eden Gardens,2,6,2,bat,6,0,5,11922,win
335987,2008,6,Jaipur,4/21/2008,Indian Premier League,6,male,T20,T20,20,2008,club,Sawai Mansingh Stadium,494,134,494,bat,134,0,6,5,win
335988,2008,6,Hyderabad,4/22/2008,Indian Premier League,7,male,T20,T20,20,2008,club,"Rajiv Gandhi International Stadium, Uppal",2,2,252,bat,252,0,9,11975,win
335989,2008,6,Chennai,4/23/2008,Indian Premier League,8,male,T20,T20,20,2008,club,"MA Chidambaram Stadium, Chepauk",3,129,3,field,129,6,0,11942,win
335990,2008,6,Hyderabad,4/24/2008,Indian Premier League,9,male,T20,T20,20,2008,club,"Rajiv Gandhi International Stadium, Uppal",134,2,134,field,134,0,3,60,win
335991,2008,6,Chandigarh,4/25/2008,Indian Premier League,10,male,T20,T20,20,2008,club,"Punjab Cricket Association Stadium, Mohali",3,494,3,field,494,66,0,11954,win
335992,2008,6,Bangalore,4/26/2008,Indian Premier League,12,male,T20,T20,20,2008,club,M Chinnaswamy Stadium,134,1,134,field,134,0,7,5,win
335993,2008,6,Chennai,4/26/2008,Indian Premier League,11,male,T20,T20,20,2008,club,"MA Chidambaram Stadium, Chepauk",6,129,6,bat,129,0,9,11946,win
335994,2008,6,Mumbai,4/27/2008,Indian Premier League,14,male,T20,T20,20,2008,club,Dr DY Patil Sports Academy,2,3,2,field,2,0,10,12007,win
335995,2008,6,Chandigarh,4/27/2008,Indian Premier League,13,male,T20,T20,20,2008,club,"Punjab Cricket Association Stadium, Mohali",252,494,252,bat,494,0,4,11956,win
335996,2008,6,Bangalore,4/28/2008,Indian Premier League,15,male,T20,T20,20,2008,club,M Chinnaswamy Stadium,129,1,129,bat,129,13,0,38,win
335997,2008,6,Kolkata,4/29/2008,Indian Premier League,16,male,T20,T20,20,2008,club,Eden Gardens,6,6,3,bat,3,0,7,11986,win
335998,2008,6,Delhi,4/30/2008,Indian Premier League,17,male,T20,T20,20,2008,club,Feroz Shah Kotla,1,252,1,field,252,10,0,11984,win
335999,2008,6,Hyderabad,5/1/2008,Indian Premier League,19,male,T20,T20,20,2008,club,"Rajiv Gandhi International Stadium, Uppal",494,2,494,field,494,0,7,541,win
336000,2008,6,Jaipur,5/1/2008,Indian Premier League,18,male,T20,T20,20,2008,club,Sawai Mansingh Stadium,134,134,6,bat,134,45,0,12327,win
336001,2008,6,Chennai,5/2/2008,Indian Premier League,20,male,T20,T20,20,2008,club,"MA Chidambaram Stadium, Chepauk",129,129,252,bat,252,0,8,11975,win
336002,2008,6,Hyderabad,5/25/2008,Indian Premier League,51,male,T20,T20,20,2008,club,"Rajiv Gandhi International Stadium, Uppal",2,2,1,bat,1,0,5,1242,win
336003,2008,6,Chandigarh,5/3/2008,Indian Premier League,22,male,T20,T20,20,2008,club,"Punjab Cricket Association Stadium, Mohali",494,494,6,bat,494,9,0,811,win
336004,2008,6,Mumbai,5/4/2008,Indian Premier League,23,male,T20,T20,20,2008,club,Dr DY Patil Sports Academy,252,3,252,field,3,29,0,11991,win
336005,2008,6,Jaipur,5/4/2008,Indian Premier League,24,male,T20,T20,20,2008,club,Sawai Mansingh Stadium,129,134,129,bat,134,0,8,12147,win
336006,2008,6,Bangalore,5/5/2008,Indian Premier League,25,male,T20,T20,20,2008,club,M Chinnaswamy Stadium,494,1,494,field,494,0,6,11962,win
336007,2008,6,Chennai,5/6/2008,Indian Premier League,26,male,T20,T20,20,2008,club,"MA Chidambaram Stadium, Chepauk",2,129,2,field,2,0,7,12007,win
336008,2008,6,Mumbai,5/7/2008,Indian Premier League,27,male,T20,T20,20,2008,club,Dr DY Patil Sports Academy,3,3,134,field,3,0,7,21,win
336009,2008,6,Delhi,5/8/2008,Indian Premier League,28,male,T20,T20,20,2008,club,Feroz Shah Kotla,129,252,129,field,129,0,4,38,win
336010,2008,6,Kolkata,5/8/2008,Indian Premier League,29,male,T20,T20,20,2008,club,Eden Gardens,6,6,1,bat,6,5,0,11919,win
336011,2008,6,Jaipur,5/9/2008,Indian Premier League,30,male,T20,T20,20,2008,club,Sawai Mansingh Stadium,134,134,2,field,134,0,8,60,win
336012,2008,6,Bangalore,5/28/2008,Indian Premier League,55,male,T20,T20,20,2008,club,M Chinnaswamy Stadium,3,1,3,field,3,0,9,12269,win
336013,2008,6,Chennai,5/10/2008,Indian Premier League,31,male,T20,T20,20,2008,club,"MA Chidambaram Stadium, Chepauk",494,129,494,field,129,18,0,12523,win
336014,2008,6,Hyderabad,5/11/2008,Indian Premier League,32,male,T20,T20,20,2008,club,"Rajiv Gandhi International Stadium, Uppal",6,2,6,bat,6,23,0,11919,win
336015,2008,6,Jaipur,5/11/2008,Indian Premier League,33,male,T20,T20,20,2008,club,Sawai Mansingh Stadium,134,134,252,field,134,0,3,5,win
336016,2008,6,Chandigarh,5/12/2008,Indian Premier League,34,male,T20,T20,20,2008,club,"Punjab Cricket Association Stadium, Mohali",1,494,1,bat,494,0,9,541,win
336017,2008,6,Kolkata,5/13/2008,Indian Premier League,35,male,T20,T20,20,2008,club,Eden Gardens,6,6,252,bat,6,23,0,12710,win
336018,2008,6,Mumbai,5/14/2008,Indian Premier League,36,male,T20,T20,20,2008,club,Wankhede Stadium,3,3,129,field,3,0,9,11986,win
336019,2008,6,Chandigarh,5/28/2008,Indian Premier League,56,male,T20,T20,20,2008,club,"Punjab Cricket Association Stadium, Mohali",134,494,134,field,494,41,0,541,win
336020,2008,6,Delhi,5/15/2008,Indian Premier League,37,male,T20,T20,20,2008,club,Feroz Shah Kotla,2,252,2,field,252,12,0,185,win
336021,2008,6,Mumbai,5/16/2008,Indian Premier League,38,male,T20,T20,20,2008,club,Wankhede Stadium,3,3,6,field,3,0,8,11991,win
336022,2008,6,Delhi,5/17/2008,Indian Premier League,40,male,T20,T20,20,2008,club,Feroz Shah Kotla,252,252,494,bat,494,6,0,12032,win
336023,2008,6,Jaipur,5/17/2008,Indian Premier League,39,male,T20,T20,20,2008,club,Sawai Mansingh Stadium,1,134,1,field,134,65,0,12107,win
336024,2008,6,Hyderabad,5/18/2008,Indian Premier League,42,male,T20,T20,20,2008,club,"Rajiv Gandhi International Stadium, Uppal",2,2,3,field,3,25,0,1393,win
336025,2008,6,Kolkata,5/18/2008,Indian Premier League,41,male,T20,T20,20,2008,club,Eden Gardens,6,6,129,bat,129,3,0,12345,win
336026,2008,6,Bangalore,5/19/2008,Indian Premier League,43,male,T20,T20,20,2008,club,M Chinnaswamy Stadium,252,1,252,field,252,0,5,2295,win
336027,2008,6,Kolkata,5/20/2008,Indian Premier League,44,male,T20,T20,20,2008,club,Eden Gardens,134,6,134,field,134,0,6,60,win
336028,2008,6,Mumbai,5/21/2008,Indian Premier League,45,male,T20,T20,20,2008,club,Wankhede Stadium,3,3,494,field,494,1,0,541,win
336029,2008,6,Chennai,5/21/2008,Indian Premier League,46,male,T20,T20,20,2008,club,"MA Chidambaram Stadium, Chepauk",1,129,1,bat,1,14,0,12160,win
336031,2008,6,Chandigarh,5/23/2008,Indian Premier League,48,male,T20,T20,20,2008,club,"Punjab Cricket Association Stadium, Mohali",494,494,2,field,494,0,6,541,win
336032,2008,6,Delhi,5/24/2008,Indian Premier League,50,male,T20,T20,20,2008,club,Feroz Shah Kotla,252,252,3,field,252,0,5,49,win
336033,2008,6,Chennai,5/24/2008,Indian Premier League,49,male,T20,T20,20,2008,club,"MA Chidambaram Stadium, Chepauk",134,129,134,bat,134,10,0,12234,win
336034,2008,6,Bangalore,5/3/2008,Indian Premier League,21,male,T20,T20,20,2008,club,M Chinnaswamy Stadium,2,1,2,field,1,3,0,52,win
336035,2008,6,Kolkata,5/25/2008,Indian Premier League,52,male,T20,T20,20,2008,club,Eden Gardens,494,6,494,bat,6,0,3,12323,win
336036,2008,6,Jaipur,5/26/2008,Indian Premier League,53,male,T20,T20,20,2008,club,Sawai Mansingh Stadium,134,134,3,field,134,0,5,12147,win
336037,2008,6,Hyderabad,5/27/2008,Indian Premier League,54,male,T20,T20,20,2008,club,"Rajiv Gandhi International Stadium, Uppal",2,2,129,bat,129,0,7,47,win
336038,2008,6,Mumbai,5/30/2008,Indian Premier League,League Match,male,T20,T20,20,2008,club,Wankhede Stadium,252,252,134,field,134,105,0,5,win
336039,2008,6,Mumbai,5/31/2008,Indian Premier League,League Match,male,T20,T20,20,2008,club,Wankhede Stadium,494,129,494,bat,129,0,9,12345,win
336040,2008,6,Mumbai,6/1/2008,Indian Premier League,League Match,male,T20,T20,20,2008,club,Dr DY Patil Sports Academy,134,129,134,field,134,0,3,60,win
392181,2009,6,Cape Town,4/18/2009,Indian Premier League,1,male,T20,T20,20,2009,club,Newlands,129,129,3,field,3,19,0,12580,win
392182,2009,6,Cape Town,4/18/2009,Indian Premier League,2,male,T20,T20,20,2009,club,Newlands,1,1,134,bat,1,75,0,11930,win
392183,2009,6,Cape Town,4/19/2009,Indian Premier League,3,male,T20,T20,20,2009,club,Newlands,252,252,494,field,252,0,10,11981,win
392184,2009,6,Cape Town,4/19/2009,Indian Premier League,4,male,T20,T20,20,2009,club,Newlands,6,2,6,bat,2,0,8,12016,win
392185,2009,6,Port Elizabeth,4/20/2009,Indian Premier League,5,male,T20,T20,20,2009,club,St George's Park,129,1,129,bat,129,92,0,11951,win
392186,2009,6,Durban,4/21/2009,Indian Premier League,6,male,T20,T20,20,2009,club,Kingsmead,6,494,6,field,6,11,0,1,win
392188,2009,6,Cape Town,4/22/2009,Indian Premier League,8,male,T20,T20,20,2009,club,Newlands,2,1,2,bat,2,24,0,12007,win
392189,2009,6,Durban,4/23/2009,Indian Premier League,9,male,T20,T20,20,2009,club,Kingsmead,252,129,252,bat,252,9,0,245,win
392190,2009,6,Cape Town,4/23/2009,Indian Premier League,10,male,T20,T20,20,2009,club,Newlands,6,6,134,field,134,0,0,60,tie
392191,2009,6,Durban,4/24/2009,Indian Premier League,11,male,T20,T20,20,2009,club,Kingsmead,1,1,494,bat,494,0,7,13250,win
392192,2009,6,Durban,4/25/2009,Indian Premier League,12,male,T20,T20,20,2009,club,Kingsmead,2,2,3,bat,2,12,0,12017,win
392194,2009,6,Port Elizabeth,4/26/2009,Indian Premier League,14,male,T20,T20,20,2009,club,St George's Park,1,1,252,bat,252,0,6,12650,win
392195,2009,6,Cape Town,4/26/2009,Indian Premier League,15,male,T20,T20,20,2009,club,Newlands,494,494,134,bat,494,27,0,11954,win
392196,2009,6,Durban,4/27/2009,Indian Premier League,16,male,T20,T20,20,2009,club,Kingsmead,2,129,2,field,2,0,6,12295,win
392197,2009,6,Port Elizabeth,4/27/2009,Indian Premier League,17,male,T20,T20,20,2009,club,St George's Park,3,6,3,bat,3,92,0,12580,win
392198,2009,6,Centurion,4/28/2009,Indian Premier League,18,male,T20,T20,20,2009,club,SuperSport Park,252,252,134,bat,134,0,5,60,win
392199,2009,6,Durban,4/29/2009,Indian Premier League,19,male,T20,T20,20,2009,club,Kingsmead,6,1,6,bat,1,0,5,11935,win
392200,2009,6,Durban,4/29/2009,Indian Premier League,20,male,T20,T20,20,2009,club,Kingsmead,494,494,3,bat,494,3,0,11954,win
392201,2009,6,Centurion,4/30/2009,Indian Premier League,21,male,T20,T20,20,2009,club,SuperSport Park,252,2,252,field,252,0,6,13245,win
392202,2009,6,Centurion,4/30/2009,Indian Premier League,22,male,T20,T20,20,2009,club,SuperSport Park,134,129,134,field,129,38,0,47,win
392203,2009,6,East London,5/1/2009,Indian Premier League,23,male,T20,T20,20,2009,club,Buffalo Park,3,6,3,bat,3,9,0,1964,win
392204,2009,6,Durban,5/1/2009,Indian Premier League,24,male,T20,T20,20,2009,club,Kingsmead,1,1,494,bat,1,8,0,15,win
392205,2009,6,Port Elizabeth,5/2/2009,Indian Premier League,25,male,T20,T20,20,2009,club,St George's Park,2,2,134,bat,134,0,3,60,win
392206,2009,6,Johannesburg,5/2/2009,Indian Premier League,26,male,T20,T20,20,2009,club,New Wanderers Stadium,252,129,252,field,129,18,0,53,win
392207,2009,6,Port Elizabeth,5/3/2009,Indian Premier League,27,male,T20,T20,20,2009,club,St George's Park,6,494,6,bat,494,0,6,12032,win
392208,2009,6,Johannesburg,5/3/2009,Indian Premier League,28,male,T20,T20,20,2009,club,New Wanderers Stadium,3,1,3,bat,1,0,9,11933,win
392209,2009,6,East London,5/4/2009,Indian Premier League,29,male,T20,T20,20,2009,club,Buffalo Park,129,129,2,bat,129,78,0,38,win
392210,2009,6,Durban,5/5/2009,Indian Premier League,30,male,T20,T20,20,2009,club,Kingsmead,494,494,134,field,134,78,0,12107,win
392211,2009,6,Durban,5/5/2009,Indian Premier League,31,male,T20,T20,20,2009,club,Kingsmead,6,252,6,bat,252,0,9,56,win
392212,2009,6,Centurion,5/6/2009,Indian Premier League,32,male,T20,T20,20,2009,club,SuperSport Park,2,2,3,bat,2,19,0,25,win
392213,2009,6,Centurion,5/7/2009,Indian Premier League,33,male,T20,T20,20,2009,club,SuperSport Park,134,1,134,field,134,0,7,13810,win
392214,2009,6,Centurion,5/7/2009,Indian Premier League,34,male,T20,T20,20,2009,club,SuperSport Park,129,129,494,bat,129,12,0,11942,win
392215,2009,6,East London,5/8/2009,Indian Premier League,35,male,T20,T20,20,2009,club,Buffalo Park,3,252,3,bat,252,0,7,21,win
392216,2009,6,Kimberley,5/9/2009,Indian Premier League,36,male,T20,T20,20,2009,club,De Beers Diamond Oval,494,2,494,field,494,0,3,12032,win
392217,2009,6,Kimberley,5/9/2009,Indian Premier League,37,male,T20,T20,20,2009,club,De Beers Diamond Oval,134,129,134,bat,129,0,7,11947,win
392218,2009,6,Port Elizabeth,5/10/2009,Indian Premier League,38,male,T20,T20,20,2009,club,St George's Park,3,1,3,bat,3,16,0,1964,win
392219,2009,6,Johannesburg,5/10/2009,Indian Premier League,39,male,T20,T20,20,2009,club,New Wanderers Stadium,252,252,6,field,252,0,7,185,win
392220,2009,6,Kimberley,5/11/2009,Indian Premier League,40,male,T20,T20,20,2009,club,De Beers Diamond Oval,2,2,134,bat,2,53,0,50,win
392221,2009,6,Centurion,5/12/2009,Indian Premier League,41,male,T20,T20,20,2009,club,SuperSport Park,1,1,6,field,1,0,6,11998,win
392222,2009,6,Centurion,5/12/2009,Indian Premier League,42,male,T20,T20,20,2009,club,SuperSport Park,494,494,3,bat,3,0,8,228,win
392223,2009,6,Durban,5/13/2009,Indian Premier League,43,male,T20,T20,20,2009,club,Kingsmead,2,2,252,field,252,12,0,40,win
392224,2009,6,Durban,5/14/2009,Indian Premier League,44,male,T20,T20,20,2009,club,Kingsmead,129,1,129,bat,1,0,2,11998,win
392225,2009,6,Durban,5/14/2009,Indian Premier League,45,male,T20,T20,20,2009,club,Kingsmead,134,3,134,bat,134,2,0,11971,win
392226,2009,6,Bloemfontein,5/15/2009,Indian Premier League,46,male,T20,T20,20,2009,club,OUTsurance Oval,494,252,494,field,494,0,6,11959,win
392227,2009,6,Port Elizabeth,5/16/2009,Indian Premier League,47,male,T20,T20,20,2009,club,St George's Park,3,129,3,bat,129,0,7,11942,win
392228,2009,6,Johannesburg,5/16/2009,Indian Premier League,48,male,T20,T20,20,2009,club,New Wanderers Stadium,2,2,6,field,2,0,6,25,win
392229,2009,6,Johannesburg,5/17/2009,Indian Premier League,49,male,T20,T20,20,2009,club,New Wanderers Stadium,2,2,494,field,494,1,0,15,win
392230,2009,6,Bloemfontein,5/17/2009,Indian Premier League,50,male,T20,T20,20,2009,club,OUTsurance Oval,252,252,134,bat,252,14,0,245,win
392231,2009,6,Centurion,5/18/2009,Indian Premier League,51,male,T20,T20,20,2009,club,SuperSport Park,129,129,6,bat,6,0,7,12318,win
392232,2009,6,Johannesburg,5/19/2009,Indian Premier League,52,male,T20,T20,20,2009,club,New Wanderers Stadium,252,1,252,bat,1,0,7,11933,win
392233,2009,6,Durban,5/20/2009,Indian Premier League,53,male,T20,T20,20,2009,club,Kingsmead,6,6,134,field,6,0,4,11924,win
392234,2009,6,Durban,5/20/2009,Indian Premier League,54,male,T20,T20,20,2009,club,Kingsmead,129,129,494,bat,129,24,0,11951,win
392235,2009,6,Centurion,5/21/2009,Indian Premier League,55,male,T20,T20,20,2009,club,SuperSport Park,252,252,3,field,252,0,4,11975,win
392236,2009,6,Centurion,5/21/2009,Indian Premier League,56,male,T20,T20,20,2009,club,SuperSport Park,1,1,2,bat,1,12,0,59,win
392237,2009,6,Centurion,5/22/2009,Indian Premier League,League Match,male,T20,T20,20,2009,club,SuperSport Park,2,252,2,field,2,0,6,12007,win
392238,2009,6,Johannesburg,5/23/2009,Indian Premier League,League Match,male,T20,T20,20,2009,club,New Wanderers Stadium,1,1,129,field,1,0,6,59,win
392239,2009,6,Johannesburg,5/24/2009,Indian Premier League,League Match,male,T20,T20,20,2009,club,New Wanderers Stadium,1,1,2,field,2,6,0,12160,win
419106,2010,6,Mumbai,3/12/2010,Indian Premier League,1,male,T20,T20,20,2010,club,Dr DY Patil Sports Academy,2,2,6,field,6,11,0,457,win
419107,2010,6,Mumbai,3/13/2010,Indian Premier League,2,male,T20,T20,20,2010,club,Brabourne Stadium,3,3,134,bat,3,4,0,60,win
419108,2010,6,Chandigarh,3/13/2010,Indian Premier League,3,male,T20,T20,20,2010,club,"Punjab Cricket Association Stadium, Mohali",252,494,252,field,252,0,5,56,win
419109,2010,6,Kolkata,3/14/2010,Indian Premier League,4,male,T20,T20,20,2010,club,Eden Gardens,6,6,1,field,6,0,7,39,win
419110,2010,6,Chennai,3/14/2010,Indian Premier League,5,male,T20,T20,20,2010,club,"MA Chidambaram Stadium, Chepauk",2,129,2,bat,2,31,0,12015,win
419111,2010,6,Ahmedabad,3/15/2010,Indian Premier League,6,male,T20,T20,20,2010,club,"Sardar Patel Stadium, Motera",252,134,252,field,252,0,6,11975,win
419112,2010,6,Bangalore,3/16/2010,Indian Premier League,7,male,T20,T20,20,2010,club,M Chinnaswamy Stadium,494,1,494,bat,1,0,8,11933,win
419113,2010,6,Kolkata,3/16/2010,Indian Premier League,8,male,T20,T20,20,2010,club,Eden Gardens,129,6,129,bat,129,55,0,38,win
419114,2010,6,Delhi,3/17/2010,Indian Premier League,9,male,T20,T20,20,2010,club,Feroz Shah Kotla,252,252,3,field,3,98,0,12580,win
419115,2010,6,Bangalore,3/18/2010,Indian Premier League,10,male,T20,T20,20,2010,club,M Chinnaswamy Stadium,1,1,134,field,1,0,10,11933,win
419116,2010,6,Delhi,3/19/2010,Indian Premier League,11,male,T20,T20,20,2010,club,Feroz Shah Kotla,252,252,129,bat,129,0,5,11942,win
419117,2010,6,Cuttack,3/19/2010,Indian Premier League,12,male,T20,T20,20,2010,club,Barabati Stadium,494,2,494,field,2,6,0,12010,win
419118,2010,6,Ahmedabad,3/20/2010,Indian Premier League,13,male,T20,T20,20,2010,club,"Sardar Patel Stadium, Motera",134,134,6,bat,134,34,0,14485,win
419119,2010,6,Mumbai,3/20/2010,Indian Premier League,14,male,T20,T20,20,2010,club,Brabourne Stadium,3,3,1,bat,1,0,7,11933,win
419120,2010,6,Cuttack,3/21/2010,Indian Premier League,15,male,T20,T20,20,2010,club,Barabati Stadium,2,2,252,bat,2,10,0,12010,win
419121,2010,6,Chennai,3/21/2010,Indian Premier League,16,male,T20,T20,20,2010,club,"MA Chidambaram Stadium, Chepauk",129,129,494,field,494,0,0,14798,tie
419122,2010,6,Mumbai,3/22/2010,Indian Premier League,17,male,T20,T20,20,2010,club,Brabourne Stadium,6,3,6,bat,3,0,7,12580,win
419123,2010,6,Bangalore,3/23/2010,Indian Premier League,18,male,T20,T20,20,2010,club,M Chinnaswamy Stadium,129,1,129,field,1,36,0,58,win
419124,2010,6,Chandigarh,3/24/2010,Indian Premier League,19,male,T20,T20,20,2010,club,"Punjab Cricket Association Stadium, Mohali",494,494,134,field,134,31,0,14729,win
419125,2010,6,Mumbai,3/25/2010,Indian Premier League,21,male,T20,T20,20,2010,club,"Brabourne Stadium, Mumbai",3,129,3,field,3,0,5,12580,win
419126,2010,6,Ahmedabad,3/26/2010,Indian Premier League,22,male,T20,T20,20,2010,club,"Sardar Patel Stadium, Motera",2,134,2,bat,134,0,8,60,win
419127,2010,6,Chandigarh,3/27/2010,Indian Premier League,23,male,T20,T20,20,2010,club,"Punjab Cricket Association Stadium, Mohali",6,494,6,bat,6,39,0,39,win
419128,2010,6,Bangalore,3/25/2010,Indian Premier League,20,male,T20,T20,20,2010,club,M Chinnaswamy Stadium,1,1,252,field,252,17,0,4,win
419129,2010,6,Ahmedabad,3/28/2010,Indian Premier League,24,male,T20,T20,20,2010,club,"Sardar Patel Stadium, Motera",134,134,129,bat,134,17,0,18,win
419130,2010,6,Mumbai,3/28/2010,Indian Premier League,25,male,T20,T20,20,2010,club,Dr DY Patil Sports Academy,2,2,3,field,3,41,0,228,win
419131,2010,6,Delhi,3/29/2010,Indian Premier League,26,male,T20,T20,20,2010,club,Feroz Shah Kotla,252,252,6,bat,252,40,0,12,win
419132,2010,6,Mumbai,3/30/2010,Indian Premier League,27,male,T20,T20,20,2010,club,Brabourne Stadium,3,3,494,field,3,0,4,230,win
419133,2010,6,Chennai,3/31/2010,Indian Premier League,28,male,T20,T20,20,2010,club,"MA Chidambaram Stadium, Chepauk",1,129,1,bat,129,0,5,1630,win
419134,2010,6,Delhi,3/31/2010,Indian Premier League,29,male,T20,T20,20,2010,club,Feroz Shah Kotla,252,252,134,bat,252,67,0,49,win
419135,2010,6,Kolkata,4/1/2010,Indian Premier League,30,male,T20,T20,20,2010,club,Eden Gardens,6,6,2,bat,6,24,0,11919,win
419136,2010,6,Chandigarh,4/2/2010,Indian Premier League,31,male,T20,T20,20,2010,club,"Punjab Cricket Association Stadium, Mohali",494,494,1,bat,1,0,6,13231,win
419137,2010,6,Chennai,4/3/2010,Indian Premier League,32,male,T20,T20,20,2010,club,"MA Chidambaram Stadium, Chepauk",129,129,134,bat,129,23,0,1630,win
419138,2010,6,Mumbai,4/3/2010,Indian Premier League,33,male,T20,T20,20,2010,club,Brabourne Stadium,3,3,2,bat,3,63,0,27,win
419139,2010,6,Kolkata,4/4/2010,Indian Premier League,34,male,T20,T20,20,2010,club,Eden Gardens,6,6,494,bat,494,0,8,12032,win
419140,2010,6,Delhi,4/4/2010,Indian Premier League,35,male,T20,T20,20,2010,club,Feroz Shah Kotla,252,252,1,bat,252,37,0,15003,win
419141,2010,6,Nagpur,4/5/2010,Indian Premier League,36,male,T20,T20,20,2010,club,"Vidarbha Cricket Association Stadium, Jamtha",134,2,134,bat,134,2,0,11971,win
419142,2010,6,Chennai,4/6/2010,Indian Premier League,37,male,T20,T20,20,2010,club,"MA Chidambaram Stadium, Chepauk",129,129,3,bat,129,24,0,47,win
419143,2010,6,Jaipur,4/7/2010,Indian Premier League,38,male,T20,T20,20,2010,club,Sawai Mansingh Stadium,494,134,494,bat,134,0,9,14648,win
419144,2010,6,Kolkata,4/7/2010,Indian Premier League,39,male,T20,T20,20,2010,club,Eden Gardens,6,6,252,bat,6,14,0,11919,win
419145,2010,6,Bangalore,4/8/2010,Indian Premier League,40,male,T20,T20,20,2010,club,M Chinnaswamy Stadium,2,1,2,field,2,0,7,13595,win
419146,2010,6,Chandigarh,4/9/2010,Indian Premier League,41,male,T20,T20,20,2010,club,"Punjab Cricket Association Stadium, Mohali",3,494,3,bat,494,0,6,11954,win
419147,2010,6,Nagpur,4/10/2010,Indian Premier League,42,male,T20,T20,20,2010,club,"Vidarbha Cricket Association Stadium, Jamtha",129,2,129,bat,2,0,6,13785,win
419148,2010,6,Bangalore,4/10/2010,Indian Premier League,43,male,T20,T20,20,2010,club,M Chinnaswamy Stadium,1,1,6,field,1,0,7,1242,win
419149,2010,6,Delhi,4/11/2010,Indian Premier League,44,male,T20,T20,20,2010,club,Feroz Shah Kotla,252,252,494,bat,494,0,7,63,win
419150,2010,6,Jaipur,4/11/2010,Indian Premier League,45,male,T20,T20,20,2010,club,Sawai Mansingh Stadium,134,134,3,field,3,37,0,12580,win
419151,2010,6,Nagpur,4/12/2010,Indian Premier League,46,male,T20,T20,20,2010,club,"Vidarbha Cricket Association Stadium, Jamtha",1,2,1,field,2,13,0,13267,win
419152,2010,6,Mumbai,4/13/2010,Indian Premier League,47,male,T20,T20,20,2010,club,Brabourne Stadium,3,3,252,bat,3,39,0,29,win
419153,2010,6,Chennai,4/13/2010,Indian Premier League,48,male,T20,T20,20,2010,club,"MA Chidambaram Stadium, Chepauk",6,129,6,bat,129,0,9,1416,win
419154,2010,6,Jaipur,4/14/2010,Indian Premier League,49,male,T20,T20,20,2010,club,Sawai Mansingh Stadium,134,134,1,bat,1,0,5,13231,win
419155,2010,6,Chennai,4/15/2010,Indian Premier League,50,male,T20,T20,20,2010,club,"MA Chidambaram Stadium, Chepauk",129,129,252,bat,252,0,6,56,win
419156,2010,6,Dharamsala,4/16/2010,Indian Premier League,51,male,T20,T20,20,2010,club,Himachal Pradesh Cricket Association Stadium,2,494,2,field,2,0,5,25,win
419157,2010,6,Bangalore,4/17/2010,Indian Premier League,52,male,T20,T20,20,2010,club,M Chinnaswamy Stadium,1,1,3,field,3,57,0,14478,win
419158,2010,6,Kolkata,4/17/2010,Indian Premier League,53,male,T20,T20,20,2010,club,Eden Gardens,134,6,134,bat,6,0,8,438,win
419159,2010,6,Dharamsala,4/18/2010,Indian Premier League,54,male,T20,T20,20,2010,club,Himachal Pradesh Cricket Association Stadium,129,494,129,field,129,0,6,38,win
419160,2010,6,Delhi,4/18/2010,Indian Premier League,55,male,T20,T20,20,2010,club,Feroz Shah Kotla,2,252,2,bat,2,11,0,12010,win
419161,2010,6,Kolkata,4/19/2010,Indian Premier League,56,male,T20,T20,20,2010,club,Eden Gardens,3,6,3,bat,6,0,9,11928,win
419162,2010,6,Mumbai,4/21/2010,Indian Premier League,League Match,male,T20,T20,20,2010,club,Dr DY Patil Sports Academy,3,1,3,bat,3,35,0,29,win
419163,2010,6,Mumbai,4/22/2010,Indian Premier League,League Match,male,T20,T20,20,2010,club,Dr DY Patil Sports Academy,129,129,2,bat,129,38,0,15140,win
419164,2010,6,Mumbai,4/24/2010,Indian Premier League,League Match,male,T20,T20,20,2010,club,Dr DY Patil Sports Academy,2,1,2,bat,1,0,9,12160,win
419165,2010,6,Mumbai,4/25/2010,Indian Premier League,League Match,male,T20,T20,20,2010,club,Dr DY Patil Sports Academy,129,129,3,bat,129,22,0,47,win
501198,2011,6,Chennai,4/8/2011,Indian Premier League,1,male,T20,T20,20,2011,club,"MA Chidambaram Stadium, Chepauk",129,129,6,bat,129,2,0,12471,win
501199,2011,6,Hyderabad,4/9/2011,Indian Premier League,2,male,T20,T20,20,2011,club,"Rajiv Gandhi International Stadium, Uppal",134,2,134,field,134,0,8,11972,win
501200,2011,6,Kochi,4/9/2011,Indian Premier League,3,male,T20,T20,20,2011,club,Nehru Stadium,1414,1414,1,bat,1,0,6,245,win
501201,2011,6,Delhi,4/10/2011,Indian Premier League,4,male,T20,T20,20,2011,club,Feroz Shah Kotla,252,252,3,bat,3,0,8,230,win
501202,2011,6,Mumbai,4/10/2011,Indian Premier League,5,male,T20,T20,20,2011,club,Dr DY Patil Sports Academy,494,1419,494,bat,1419,0,7,15150,win
501203,2011,6,Kolkata,4/11/2011,Indian Premier League,6,male,T20,T20,20,2011,club,Eden Gardens,6,6,2,bat,6,9,0,11933,win
501204,2011,6,Jaipur,4/12/2011,Indian Premier League,7,male,T20,T20,20,2011,club,Sawai Mansingh Stadium,252,134,252,bat,134,0,6,11971,win
501205,2011,6,Bangalore,4/12/2011,Indian Premier League,8,male,T20,T20,20,2011,club,M Chinnaswamy Stadium,3,1,3,field,3,0,9,12580,win
501206,2011,6,Chandigarh,4/13/2011,Indian Premier League,9,male,T20,T20,20,2011,club,"Punjab Cricket Association Stadium, Mohali",494,494,129,field,494,0,6,13383,win
501207,2011,6,Mumbai,4/13/2011,Indian Premier League,10,male,T20,T20,20,2011,club,Dr DY Patil Sports Academy,1414,1419,1414,bat,1419,0,4,14757,win
501208,2011,6,Hyderabad,4/14/2011,Indian Premier League,11,male,T20,T20,20,2011,club,"Rajiv Gandhi International Stadium, Uppal",1,2,1,field,2,33,0,3451,win
501209,2011,6,Jaipur,4/15/2011,Indian Premier League,12,male,T20,T20,20,2011,club,Sawai Mansingh Stadium,6,134,6,field,6,0,9,56,win
501210,2011,6,Mumbai,4/15/2011,Indian Premier League,13,male,T20,T20,20,2011,club,Wankhede Stadium,1414,3,1414,field,1414,0,8,46,win
501211,2011,6,Chennai,4/16/2011,Indian Premier League,14,male,T20,T20,20,2011,club,"MA Chidambaram Stadium, Chepauk",129,129,1,bat,129,21,0,11943,win
501212,2011,6,Hyderabad,4/16/2011,Indian Premier League,15,male,T20,T20,20,2011,club,"Rajiv Gandhi International Stadium, Uppal",494,2,494,field,494,0,8,13383,win
501213,2011,6,Mumbai,4/17/2011,Indian Premier League,16,male,T20,T20,20,2011,club,Dr DY Patil Sports Academy,252,1419,252,field,252,0,3,15,win
501214,2011,6,Kolkata,4/17/2011,Indian Premier League,17,male,T20,T20,20,2011,club,Eden Gardens,6,6,134,field,6,0,8,12523,win
501215,2011,6,Kochi,4/18/2011,Indian Premier League,18,male,T20,T20,20,2011,club,Nehru Stadium,1414,1414,129,field,1414,0,7,46,win
501216,2011,6,Delhi,4/19/2011,Indian Premier League,19,male,T20,T20,20,2011,club,Feroz Shah Kotla,2,252,2,bat,2,16,0,12035,win
501218,2011,6,Mumbai,4/20/2011,Indian Premier League,21,male,T20,T20,20,2011,club,Wankhede Stadium,1419,3,1419,bat,3,0,7,418,win
501219,2011,6,Kolkata,4/20/2011,Indian Premier League,22,male,T20,T20,20,2011,club,Eden Gardens,6,6,1414,field,1414,6,0,12032,win
501220,2011,6,Chandigarh,4/21/2011,Indian Premier League,23,male,T20,T20,20,2011,club,"Punjab Cricket Association Stadium, Mohali",134,494,134,field,494,48,0,541,win
501221,2011,6,Mumbai,4/22/2011,Indian Premier League,25,male,T20,T20,20,2011,club,Wankhede Stadium,129,3,129,field,3,8,0,228,win
501222,2011,6,Kolkata,4/22/2011,Indian Premier League,24,male,T20,T20,20,2011,club,Eden Gardens,1,6,1,field,1,0,9,1,win
501223,2011,6,Delhi,4/23/2011,Indian Premier League,26,male,T20,T20,20,2011,club,Feroz Shah Kotla,494,252,494,field,252,29,0,12,win
501224,2011,6,Hyderabad,4/24/2011,Indian Premier League,27,male,T20,T20,20,2011,club,"Rajiv Gandhi International Stadium, Uppal",2,2,3,field,3,37,0,230,win
501225,2011,6,Jaipur,4/24/2011,Indian Premier League,28,male,T20,T20,20,2011,club,Sawai Mansingh Stadium,134,134,1414,field,134,0,8,11971,win
501226,2011,6,Chennai,4/25/2011,Indian Premier League,29,male,T20,T20,20,2011,club,"MA Chidambaram Stadium, Chepauk",1419,129,1419,field,129,25,0,11943,win
501227,2011,6,Delhi,4/26/2011,Indian Premier League,30,male,T20,T20,20,2011,club,Feroz Shah Kotla,1,252,1,field,1,0,3,332,win
501228,2011,6,Mumbai,4/27/2011,Indian Premier League,31,male,T20,T20,20,2011,club,Dr DY Patil Sports Academy,1419,1419,129,bat,129,0,8,15140,win
501229,2011,6,Kochi,4/27/2011,Indian Premier League,32,male,T20,T20,20,2011,club,Nehru Stadium,1414,1414,2,field,2,55,0,308,win
501230,2011,6,Delhi,4/28/2011,Indian Premier League,33,male,T20,T20,20,2011,club,Feroz Shah Kotla,252,252,6,field,6,17,0,39,win
501231,2011,6,Jaipur,4/29/2011,Indian Premier League,34,male,T20,T20,20,2011,club,Sawai Mansingh Stadium,134,134,3,field,134,0,7,14136,win
501232,2011,6,Bangalore,4/29/2011,Indian Premier League,35,male,T20,T20,20,2011,club,M Chinnaswamy Stadium,1419,1,1419,field,1,26,0,332,win
501233,2011,6,Kochi,4/30/2011,Indian Premier League,36,male,T20,T20,20,2011,club,Nehru Stadium,252,1414,252,bat,252,38,0,11975,win
501234,2011,6,Kolkata,4/30/2011,Indian Premier League,37,male,T20,T20,20,2011,club,Eden Gardens,6,6,494,field,6,0,8,173,win
501235,2011,6,Jaipur,5/1/2011,Indian Premier League,38,male,T20,T20,20,2011,club,Sawai Mansingh Stadium,134,134,1419,field,134,0,6,11998,win
501236,2011,6,Chennai,5/1/2011,Indian Premier League,39,male,T20,T20,20,2011,club,"MA Chidambaram Stadium, Chepauk",129,129,2,bat,129,19,0,12234,win
501237,2011,6,Mumbai,5/2/2011,Indian Premier League,40,male,T20,T20,20,2011,club,Wankhede Stadium,494,3,494,field,3,23,0,29,win
501238,2011,6,Delhi,5/2/2011,Indian Premier League,41,male,T20,T20,20,2011,club,Feroz Shah Kotla,1414,252,1414,field,1414,0,7,16648,win
501239,2011,6,Hyderabad,5/3/2011,Indian Premier League,42,male,T20,T20,20,2011,club,"Rajiv Gandhi International Stadium, Uppal",2,2,6,field,6,20,0,60,win
501240,2011,6,Chennai,5/4/2011,Indian Premier League,43,male,T20,T20,20,2011,club,"MA Chidambaram Stadium, Chepauk",134,129,134,bat,129,0,8,11943,win
501241,2011,6,Mumbai,5/4/2011,Indian Premier League,44,male,T20,T20,20,2011,club,Dr DY Patil Sports Academy,1419,1419,3,field,3,21,0,14765,win
501242,2011,6,Kochi,5/5/2011,Indian Premier League,45,male,T20,T20,20,2011,club,Nehru Stadium,6,1414,6,field,1414,17,0,12318,win
501243,2011,6,Hyderabad,5/5/2011,Indian Premier League,46,male,T20,T20,20,2011,club,"Rajiv Gandhi International Stadium, Uppal",252,2,252,field,252,0,4,11975,win
501244,2011,6,Bangalore,5/6/2011,Indian Premier League,47,male,T20,T20,20,2011,club,M Chinnaswamy Stadium,494,1,494,field,1,85,0,1,win
501245,2011,6,Kolkata,5/7/2011,Indian Premier League,48,male,T20,T20,20,2011,club,Eden Gardens,129,6,129,bat,6,10,0,173,win
501246,2011,6,Mumbai,5/7/2011,Indian Premier League,49,male,T20,T20,20,2011,club,Wankhede Stadium,252,3,252,field,3,32,0,27,win
501247,2011,6,Bangalore,5/8/2011,Indian Premier League,50,male,T20,T20,20,2011,club,M Chinnaswamy Stadium,1414,1,1414,bat,1,0,9,1,win
501248,2011,6,Chandigarh,5/8/2011,Indian Premier League,51,male,T20,T20,20,2011,club,"Punjab Cricket Association Stadium, Mohali",494,494,1419,bat,1419,0,5,14765,win
501249,2011,6,Jaipur,5/9/2011,Indian Premier League,52,male,T20,T20,20,2011,club,Sawai Mansingh Stadium,134,134,129,field,129,63,0,1630,win
501250,2011,6,Hyderabad,5/10/2011,Indian Premier League,53,male,T20,T20,20,2011,club,"Rajiv Gandhi International Stadium, Uppal",2,2,1419,bat,1419,0,6,4960,win
501251,2011,6,Chandigarh,5/10/2011,Indian Premier League,54,male,T20,T20,20,2011,club,"Punjab Cricket Association Stadium, Mohali",3,494,3,field,494,76,0,15867,win
501252,2011,6,Jaipur,5/11/2011,Indian Premier League,55,male,T20,T20,20,2011,club,Sawai Mansingh Stadium,1,134,1,field,1,0,9,8,win
501253,2011,6,Chennai,5/12/2011,Indian Premier League,56,male,T20,T20,20,2011,club,"MA Chidambaram Stadium, Chepauk",129,129,252,bat,129,18,0,38,win
501254,2011,6,Indore,5/13/2011,Indian Premier League,57,male,T20,T20,20,2011,club,Holkar Cricket Stadium,494,1414,494,field,494,0,6,49,win
501255,2011,6,Bangalore,5/14/2011,Indian Premier League,58,male,T20,T20,20,2011,club,M Chinnaswamy Stadium,1,1,6,field,1,0,4,1,win
501256,2011,6,Mumbai,5/14/2011,Indian Premier League,59,male,T20,T20,20,2011,club,Wankhede Stadium,2,3,2,bat,2,10,0,185,win
501257,2011,6,Dharamsala,5/15/2011,Indian Premier League,60,male,T20,T20,20,2011,club,Himachal Pradesh Cricket Association Stadium,252,494,252,field,494,29,0,63,win
501258,2011,6,Indore,5/15/2011,Indian Premier League,61,male,T20,T20,20,2011,club,Holkar Cricket Stadium,1414,1414,134,field,1414,0,8,12318,win
501259,2011,6,Mumbai,5/16/2011,Indian Premier League,62,male,T20,T20,20,2011,club,Dr DY Patil Sports Academy,2,1419,2,field,2,0,6,185,win
501260,2011,6,Dharamsala,5/17/2011,Indian Premier League,63,male,T20,T20,20,2011,club,Himachal Pradesh Cricket Association Stadium,494,494,1,bat,494,111,0,12007,win
501261,2011,6,Chennai,5/18/2011,Indian Premier League,64,male,T20,T20,20,2011,club,"MA Chidambaram Stadium, Chepauk",129,129,1414,bat,129,11,0,69,win
501262,2011,6,Mumbai,5/19/2011,Indian Premier League,65,male,T20,T20,20,2011,club,Dr DY Patil Sports Academy,6,1419,6,field,6,0,7,60,win
501263,2011,6,Mumbai,5/20/2011,Indian Premier League,66,male,T20,T20,20,2011,club,Wankhede Stadium,3,3,134,bat,134,0,10,5,win
501264,2011,6,Dharamsala,5/21/2011,Indian Premier League,67,male,T20,T20,20,2011,club,Himachal Pradesh Cricket Association Stadium,494,494,2,field,2,82,0,13,win
501265,2011,6,Delhi,5/21/2011,Indian Premier League,68,male,T20,T20,20,2011,club,Feroz Shah Kotla,252,252,1419,bat,1419,0,0,Not Awarded,no result
501266,2011,6,Bangalore,5/22/2011,Indian Premier League,69,male,T20,T20,20,2011,club,M Chinnaswamy Stadium,1,1,129,field,1,0,8,1,win
501267,2011,6,Kolkata,5/22/2011,Indian Premier League,70,male,T20,T20,20,2011,club,Eden Gardens,3,6,3,field,3,0,5,15851,win
501268,2011,6,Mumbai,5/24/2011,Indian Premier League,League Match,male,T20,T20,20,2011,club,Wankhede Stadium,129,1,129,field,129,0,6,47,win
501269,2011,6,Mumbai,5/25/2011,Indian Premier League,League Match,male,T20,T20,20,2011,club,Wankhede Stadium,3,3,6,field,3,0,4,418,win
501270,2011,6,Chennai,5/27/2011,Indian Premier League,League Match,male,T20,T20,20,2011,club,"MA Chidambaram Stadium, Chepauk",3,1,3,field,1,43,0,1,win
501271,2011,6,Chennai,5/28/2011,Indian Premier League,League Match,male,T20,T20,20,2011,club,"MA Chidambaram Stadium, Chepauk",129,129,1,bat,129,58,0,1630,win
548306,2012,6,Chennai,4/4/2012,Indian Premier League,1,male,T20,T20,20,2012,club,"MA Chidambaram Stadium, Chepauk",3,129,3,field,3,0,8,34272,win
548307,2012,6,Kolkata,4/5/2012,Indian Premier League,2,male,T20,T20,20,2012,club,Eden Gardens,252,6,252,field,252,0,8,811,win
548308,2012,6,Mumbai,4/6/2012,Indian Premier League,3,male,T20,T20,20,2012,club,Wankhede Stadium,3,3,1419,field,1419,28,0,36,win
548309,2012,6,Jaipur,4/6/2012,Indian Premier League,4,male,T20,T20,20,2012,club,Sawai Mansingh Stadium,494,134,494,field,134,31,0,34,win
548310,2012,6,Bangalore,4/7/2012,Indian Premier League,5,male,T20,T20,20,2012,club,M Chinnaswamy Stadium,252,1,252,field,1,20,0,245,win
548311,2012,6,Visakhapatnam,4/7/2012,Indian Premier League,6,male,T20,T20,20,2012,club,Dr. Y.S. Rajasekhara Reddy ACA-VDCA Cricket Stadium,2,2,129,field,129,74,0,348,win
548312,2012,6,Jaipur,4/8/2012,Indian Premier League,7,male,T20,T20,20,2012,club,Sawai Mansingh Stadium,6,134,6,field,134,22,0,12318,win
548313,2012,6,Pune,4/8/2012,Indian Premier League,8,male,T20,T20,20,2012,club,Subrata Roy Sahara Stadium,1419,1419,494,bat,1419,22,0,963,win
548314,2012,6,Visakhapatnam,4/9/2012,Indian Premier League,9,male,T20,T20,20,2012,club,Dr. Y.S. Rajasekhara Reddy ACA-VDCA Cricket Stadium,2,2,3,bat,3,0,5,25,win
548315,2012,6,Bangalore,4/10/2012,Indian Premier League,10,male,T20,T20,20,2012,club,M Chinnaswamy Stadium,1,1,6,field,6,42,0,12523,win
548316,2012,6,Delhi,4/10/2012,Indian Premier League,11,male,T20,T20,20,2012,club,Feroz Shah Kotla,252,252,129,field,252,0,8,13863,win
548317,2012,6,Mumbai,4/11/2012,Indian Premier League,12,male,T20,T20,20,2012,club,Wankhede Stadium,134,3,134,field,3,27,0,29,win
548318,2012,6,Chennai,4/12/2012,Indian Premier League,13,male,T20,T20,20,2012,club,"MA Chidambaram Stadium, Chepauk",1,129,1,bat,129,0,5,267,win
548319,2012,6,Chandigarh,4/12/2012,Indian Premier League,14,male,T20,T20,20,2012,club,"Punjab Cricket Association Stadium, Mohali",494,494,1419,field,494,0,7,12661,win
548320,2012,6,Kolkata,4/13/2012,Indian Premier League,15,male,T20,T20,20,2012,club,Eden Gardens,134,6,134,bat,6,0,5,579,win
548321,2012,6,Delhi,4/19/2012,Indian Premier League,23,male,T20,T20,20,2012,club,Feroz Shah Kotla,2,252,2,bat,252,0,5,13231,win
548322,2012,6,Pune,4/14/2012,Indian Premier League,16,male,T20,T20,20,2012,club,Subrata Roy Sahara Stadium,129,1419,129,bat,1419,0,7,13228,win
548323,2012,6,Kolkata,4/15/2012,Indian Premier League,17,male,T20,T20,20,2012,club,Eden Gardens,6,6,494,field,494,2,0,65,win
548324,2012,6,Bangalore,4/15/2012,Indian Premier League,18,male,T20,T20,20,2012,club,M Chinnaswamy Stadium,134,1,134,bat,134,59,0,34,win
548325,2012,6,Mumbai,4/16/2012,Indian Premier League,19,male,T20,T20,20,2012,club,Wankhede Stadium,252,3,252,field,252,0,7,186,win
548326,2012,6,Jaipur,4/17/2012,Indian Premier League,20,male,T20,T20,20,2012,club,Sawai Mansingh Stadium,2,134,2,bat,134,0,5,12318,win
548327,2012,6,Bangalore,4/17/2012,Indian Premier League,21,male,T20,T20,20,2012,club,M Chinnaswamy Stadium,1419,1,1419,bat,1,0,6,1,win
548328,2012,6,Chandigarh,4/18/2012,Indian Premier League,22,male,T20,T20,20,2012,club,"Punjab Cricket Association Stadium, Mohali",494,494,6,bat,6,0,8,56,win
548329,2012,6,Hyderabad,5/10/2012,Indian Premier League,55,male,T20,T20,20,2012,club,"Rajiv Gandhi International Stadium, Uppal",2,2,252,bat,252,0,9,12,win
548330,2012,6,Chennai,4/19/2012,Indian Premier League,24,male,T20,T20,20,2012,club,"MA Chidambaram Stadium, Chepauk",1419,129,1419,field,129,13,0,16414,win
548331,2012,6,Chandigarh,4/20/2012,Indian Premier League,25,male,T20,T20,20,2012,club,"Punjab Cricket Association Stadium, Mohali",1,494,1,field,1,0,5,1,win
548332,2012,6,Chennai,4/21/2012,Indian Premier League,26,male,T20,T20,20,2012,club,"MA Chidambaram Stadium, Chepauk",134,129,134,bat,129,0,7,267,win
548333,2012,6,Delhi,4/21/2012,Indian Premier League,27,male,T20,T20,20,2012,club,Feroz Shah Kotla,252,252,1419,field,1419,20,0,11919,win
548334,2012,6,Mumbai,4/22/2012,Indian Premier League,28,male,T20,T20,20,2012,club,Wankhede Stadium,3,3,494,bat,494,0,6,541,win
548335,2012,6,Cuttack,4/22/2012,Indian Premier League,29,male,T20,T20,20,2012,club,Barabati Stadium,6,2,6,field,6,0,5,11959,win
548336,2012,6,Jaipur,4/23/2012,Indian Premier League,30,male,T20,T20,20,2012,club,Sawai Mansingh Stadium,134,134,1,field,1,46,0,245,win
548337,2012,6,Pune,4/24/2012,Indian Premier League,31,male,T20,T20,20,2012,club,Subrata Roy Sahara Stadium,1419,1419,252,bat,252,0,8,11975,win
548339,2012,6,Chandigarh,4/25/2012,Indian Premier League,33,male,T20,T20,20,2012,club,"Punjab Cricket Association Stadium, Mohali",494,494,3,bat,3,0,4,27,win
548341,2012,6,Pune,4/26/2012,Indian Premier League,35,male,T20,T20,20,2012,club,Subrata Roy Sahara Stadium,2,1419,2,bat,2,18,0,11934,win
548342,2012,6,Delhi,4/27/2012,Indian Premier League,36,male,T20,T20,20,2012,club,Feroz Shah Kotla,3,252,3,field,252,37,0,11975,win
548343,2012,6,Chennai,4/28/2012,Indian Premier League,37,male,T20,T20,20,2012,club,"MA Chidambaram Stadium, Chepauk",494,129,494,bat,494,7,0,2,win
548344,2012,6,Kolkata,4/28/2012,Indian Premier League,38,male,T20,T20,20,2012,club,Eden Gardens,6,6,1,bat,6,47,0,56,win
548345,2012,6,Delhi,4/29/2012,Indian Premier League,39,male,T20,T20,20,2012,club,Feroz Shah Kotla,252,252,134,bat,252,1,0,11975,win
548346,2012,6,Mumbai,4/29/2012,Indian Premier League,40,male,T20,T20,20,2012,club,Wankhede Stadium,3,3,2,field,3,0,5,3451,win
548347,2012,6,Chennai,4/30/2012,Indian Premier League,41,male,T20,T20,20,2012,club,"MA Chidambaram Stadium, Chepauk",129,129,6,bat,6,0,5,56,win
548348,2012,6,Cuttack,5/1/2012,Indian Premier League,42,male,T20,T20,20,2012,club,Barabati Stadium,2,2,1419,bat,2,13,0,11954,win
548349,2012,6,Jaipur,5/1/2012,Indian Premier League,43,male,T20,T20,20,2012,club,Sawai Mansingh Stadium,134,134,252,bat,252,0,6,172,win
548350,2012,6,Bangalore,5/2/2012,Indian Premier League,44,male,T20,T20,20,2012,club,M Chinnaswamy Stadium,494,1,494,field,494,0,4,34817,win
548351,2012,6,Pune,5/3/2012,Indian Premier League,45,male,T20,T20,20,2012,club,Subrata Roy Sahara Stadium,3,1419,3,bat,3,1,0,230,win
548352,2012,6,Chennai,5/4/2012,Indian Premier League,46,male,T20,T20,20,2012,club,"MA Chidambaram Stadium, Chepauk",129,129,2,bat,129,10,0,47,win
548353,2012,6,Kolkata,5/5/2012,Indian Premier League,47,male,T20,T20,20,2012,club,Eden Gardens,6,6,1419,bat,6,7,0,65,win
548354,2012,6,Chandigarh,5/5/2012,Indian Premier League,48,male,T20,T20,20,2012,club,"Punjab Cricket Association Stadium, Mohali",134,494,134,bat,134,43,0,5,win
548355,2012,6,Mumbai,5/6/2012,Indian Premier League,49,male,T20,T20,20,2012,club,Wankhede Stadium,3,3,129,field,3,0,2,50,win
548356,2012,6,Bangalore,5/6/2012,Indian Premier League,50,male,T20,T20,20,2012,club,M Chinnaswamy Stadium,1,1,2,field,1,0,5,245,win
548357,2012,6,Delhi,5/7/2012,Indian Premier League,51,male,T20,T20,20,2012,club,Feroz Shah Kotla,252,252,6,bat,6,0,6,11933,win
548358,2012,6,Pune,5/8/2012,Indian Premier League,52,male,T20,T20,20,2012,club,Subrata Roy Sahara Stadium,1419,1419,134,bat,134,0,7,5,win
548359,2012,6,Hyderabad,5/8/2012,Indian Premier League,53,male,T20,T20,20,2012,club,"Rajiv Gandhi International Stadium, Uppal",2,2,494,field,494,25,0,2,win
548360,2012,6,Mumbai,5/9/2012,Indian Premier League,54,male,T20,T20,20,2012,club,Wankhede Stadium,1,3,1,field,1,0,9,1,win
548361,2012,6,Jaipur,5/10/2012,Indian Premier League,56,male,T20,T20,20,2012,club,Sawai Mansingh Stadium,129,134,129,field,129,0,4,35239,win
548362,2012,6,Pune,5/11/2012,Indian Premier League,57,male,T20,T20,20,2012,club,Subrata Roy Sahara Stadium,1419,1419,1,field,1,35,0,1,win
548363,2012,6,Kolkata,5/12/2012,Indian Premier League,58,male,T20,T20,20,2012,club,Eden Gardens,3,6,3,bat,3,27,0,25,win
548364,2012,6,Chennai,5/12/2012,Indian Premier League,59,male,T20,T20,20,2012,club,"MA Chidambaram Stadium, Chepauk",129,129,252,field,129,0,9,35239,win
548365,2012,6,Jaipur,5/13/2012,Indian Premier League,60,male,T20,T20,20,2012,club,Sawai Mansingh Stadium,134,134,1419,bat,134,45,0,34931,win
548366,2012,6,Chandigarh,5/13/2012,Indian Premier League,61,male,T20,T20,20,2012,club,"Punjab Cricket Association Stadium, Mohali",2,494,2,bat,494,0,4,11922,win
548367,2012,6,Bangalore,5/14/2012,Indian Premier League,62,male,T20,T20,20,2012,club,M Chinnaswamy Stadium,3,1,3,field,3,0,5,27,win
548368,2012,6,Kolkata,5/14/2012,Indian Premier League,63,male,T20,T20,20,2012,club,Eden Gardens,129,6,129,field,129,0,5,11943,win
548369,2012,6,Delhi,5/15/2012,Indian Premier League,64,male,T20,T20,20,2012,club,Feroz Shah Kotla,494,252,494,bat,252,0,5,318,win
548370,2012,6,Mumbai,5/16/2012,Indian Premier League,65,male,T20,T20,20,2012,club,Wankhede Stadium,3,3,6,field,6,32,0,65,win
548371,2012,6,Dharamsala,5/17/2012,Indian Premier League,66,male,T20,T20,20,2012,club,Himachal Pradesh Cricket Association Stadium,494,494,129,field,494,0,6,12007,win
548372,2012,6,Delhi,5/17/2012,Indian Premier League,67,male,T20,T20,20,2012,club,Feroz Shah Kotla,252,252,1,field,1,21,0,1,win
548373,2012,6,Hyderabad,5/18/2012,Indian Premier League,68,male,T20,T20,20,2012,club,"Rajiv Gandhi International Stadium, Uppal",134,2,134,bat,2,0,5,3451,win
548374,2012,6,Dharamsala,5/19/2012,Indian Premier League,69,male,T20,T20,20,2012,club,Himachal Pradesh Cricket Association Stadium,252,494,252,field,252,0,6,318,win
548375,2012,6,Pune,5/19/2012,Indian Premier League,70,male,T20,T20,20,2012,club,Subrata Roy Sahara Stadium,6,1419,6,bat,6,34,0,579,win
548376,2012,6,Hyderabad,5/20/2012,Indian Premier League,71,male,T20,T20,20,2012,club,"Rajiv Gandhi International Stadium, Uppal",1,2,1,field,2,9,0,3451,win
548377,2012,6,Jaipur,5/20/2012,Indian Premier League,72,male,T20,T20,20,2012,club,Sawai Mansingh Stadium,134,134,3,bat,3,0,10,50,win
548378,2012,6,Pune,5/22/2012,Indian Premier League,League Match,male,T20,T20,20,2012,club,Subrata Roy Sahara Stadium,6,252,6,bat,6,18,0,60,win
548379,2012,6,Bangalore,5/23/2012,Indian Premier League,League Match,male,T20,T20,20,2012,club,M Chinnaswamy Stadium,3,129,3,field,129,38,0,38,win
548380,2012,6,Chennai,5/25/2012,Indian Premier League,League Match,male,T20,T20,20,2012,club,"MA Chidambaram Stadium, Chepauk",252,252,129,field,129,86,0,1630,win
548381,2012,6,Chennai,5/27/2012,Indian Premier League,League Match,male,T20,T20,20,2012,club,"MA Chidambaram Stadium, Chepauk",129,6,129,bat,6,0,5,14505,win
597998,2013,6,Kolkata,4/3/2013,Indian Premier League,1,male,T20,T20,20,2013,club,Eden Gardens,6,6,252,field,6,0,6,65,win
597999,2013,6,Bangalore,4/4/2013,Indian Premier League,2,male,T20,T20,20,2013,club,M Chinnaswamy Stadium,3,1,3,field,1,2,0,1,win
598000,2013,6,Hyderabad,4/5/2013,Indian Premier League,3,male,T20,T20,20,2013,club,"Rajiv Gandhi International Stadium, Uppal",1419,2,1419,field,2,22,0,185,win
598001,2013,6,Delhi,4/6/2013,Indian Premier League,4,male,T20,T20,20,2013,club,Feroz Shah Kotla,134,252,134,bat,134,5,0,11930,win
598002,2013,6,Chennai,4/6/2013,Indian Premier League,5,male,T20,T20,20,2013,club,"MA Chidambaram Stadium, Chepauk",3,129,3,bat,3,9,0,29,win
598003,2013,6,Pune,4/7/2013,Indian Premier League,6,male,T20,T20,20,2013,club,Subrata Roy Sahara Stadium,1419,1419,494,bat,494,0,8,68,win
598004,2013,6,Hyderabad,4/7/2013,Indian Premier League,7,male,T20,T20,20,2013,club,"Rajiv Gandhi International Stadium, Uppal",1,2,1,bat,1,0,0,2910,tie
598005,2013,6,Jaipur,4/8/2013,Indian Premier League,8,male,T20,T20,20,2013,club,Sawai Mansingh Stadium,6,134,6,field,134,19,0,11972,win
598006,2013,6,Mumbai,4/9/2013,Indian Premier League,10,male,T20,T20,20,2013,club,Wankhede Stadium,3,3,252,bat,3,44,0,49,win
598007,2013,6,Chandigarh,4/10/2013,Indian Premier League,11,male,T20,T20,20,2013,club,"Punjab Cricket Association Stadium, Mohali",129,494,129,field,129,0,10,11943,win
598008,2013,6,Bangalore,4/11/2013,Indian Premier League,12,male,T20,T20,20,2013,club,M Chinnaswamy Stadium,1,1,6,field,1,0,8,1,win
598009,2013,6,Pune,4/11/2013,Indian Premier League,13,male,T20,T20,20,2013,club,Subrata Roy Sahara Stadium,134,1419,134,bat,1419,0,7,48,win
598010,2013,6,Delhi,4/12/2013,Indian Premier League,14,male,T20,T20,20,2013,club,Feroz Shah Kotla,252,252,2,bat,2,0,3,185,win
598011,2013,6,Mumbai,4/13/2013,Indian Premier League,15,male,T20,T20,20,2013,club,Wankhede Stadium,3,3,1419,bat,3,41,0,25,win
598012,2013,6,Chennai,4/13/2013,Indian Premier League,16,male,T20,T20,20,2013,club,"MA Chidambaram Stadium, Chepauk",129,129,1,field,129,0,4,348,win
598013,2013,6,Kolkata,4/14/2013,Indian Premier League,17,male,T20,T20,20,2013,club,Eden Gardens,6,6,2,bat,6,48,0,56,win
598014,2013,6,Jaipur,4/14/2013,Indian Premier League,18,male,T20,T20,20,2013,club,Sawai Mansingh Stadium,134,134,494,field,134,0,6,569,win
598015,2013,6,Chennai,4/15/2013,Indian Premier League,19,male,T20,T20,20,2013,club,"MA Chidambaram Stadium, Chepauk",1419,129,1419,bat,1419,24,0,36,win
598016,2013,6,Chandigarh,4/16/2013,Indian Premier League,20,male,T20,T20,20,2013,club,"Punjab Cricket Association Stadium, Mohali",6,494,6,field,494,4,0,51,win
598017,2013,6,Bangalore,4/16/2013,Indian Premier League,21,male,T20,T20,20,2013,club,M Chinnaswamy Stadium,1,1,252,field,252,0,0,332,tie
598018,2013,6,Pune,4/17/2013,Indian Premier League,22,male,T20,T20,20,2013,club,Maharashtra Cricket Association Stadium,1419,1419,2,field,2,11,0,185,win
598019,2013,6,Jaipur,4/17/2013,Indian Premier League,23,male,T20,T20,20,2013,club,Sawai Mansingh Stadium,134,134,3,bat,134,87,0,34,win
598020,2013,6,Delhi,4/18/2013,Indian Premier League,24,male,T20,T20,20,2013,club,Feroz Shah Kotla,129,252,129,bat,129,86,0,11943,win
598021,2013,6,Hyderabad,4/19/2013,Indian Premier League,25,male,T20,T20,20,2013,club,"Rajiv Gandhi International Stadium, Uppal",494,2,494,bat,2,0,5,2910,win
598022,2013,6,Kolkata,4/20/2013,Indian Premier League,26,male,T20,T20,20,2013,club,Eden Gardens,6,6,129,bat,129,0,4,348,win
598023,2013,6,Bangalore,4/20/2013,Indian Premier League,27,male,T20,T20,20,2013,club,M Chinnaswamy Stadium,1,1,134,field,1,0,7,1242,win
598024,2013,6,Delhi,4/21/2013,Indian Premier League,28,male,T20,T20,20,2013,club,Feroz Shah Kotla,3,252,3,bat,252,0,9,11975,win
598025,2013,6,Chandigarh,4/21/2013,Indian Premier League,29,male,T20,T20,20,2013,club,"Punjab Cricket Association Stadium, Mohali",494,494,1419,field,494,0,7,72,win
598026,2013,6,Chennai,4/22/2013,Indian Premier League,30,male,T20,T20,20,2013,club,"MA Chidambaram Stadium, Chepauk",134,129,134,bat,129,0,5,11943,win
598027,2013,6,Bangalore,4/23/2013,Indian Premier League,31,male,T20,T20,20,2013,club,M Chinnaswamy Stadium,1419,1,1419,field,1,130,0,1,win
598028,2013,6,Dharamsala,5/16/2013,Indian Premier League,67,male,T20,T20,20,2013,club,Himachal Pradesh Cricket Association Stadium,252,494,252,field,494,7,0,72,win
598029,2013,6,Kolkata,4/24/2013,Indian Premier League,33,male,T20,T20,20,2013,club,Eden Gardens,6,6,3,bat,3,0,5,50,win
598030,2013,6,Chennai,4/25/2013,Indian Premier League,34,male,T20,T20,20,2013,club,"MA Chidambaram Stadium, Chepauk",2,129,2,bat,129,0,5,38,win
598031,2013,6,Kolkata,4/26/2013,Indian Premier League,35,male,T20,T20,20,2013,club,Eden Gardens,494,6,494,bat,6,0,6,11933,win
598032,2013,6,Jaipur,4/27/2013,Indian Premier League,36,male,T20,T20,20,2013,club,Sawai Mansingh Stadium,2,134,2,bat,134,0,8,569,win
598033,2013,6,Mumbai,4/27/2013,Indian Premier League,37,male,T20,T20,20,2013,club,Wankhede Stadium,3,3,1,bat,3,58,0,50,win
598034,2013,6,Chennai,4/28/2013,Indian Premier League,38,male,T20,T20,20,2013,club,"MA Chidambaram Stadium, Chepauk",6,129,6,field,129,14,0,11943,win
598035,2013,6,Raipur,4/28/2013,Indian Premier League,39,male,T20,T20,20,2013,club,Shaheed Veer Narayan Singh International Stadium,1419,252,1419,field,252,15,0,12,win
598036,2013,6,Jaipur,4/29/2013,Indian Premier League,40,male,T20,T20,20,2013,club,Sawai Mansingh Stadium,134,134,1,field,134,0,4,180,win
598037,2013,6,Mumbai,4/29/2013,Indian Premier League,41,male,T20,T20,20,2013,club,Wankhede Stadium,3,3,494,bat,3,4,0,25,win
598038,2013,6,Pune,4/30/2013,Indian Premier League,42,male,T20,T20,20,2013,club,Subrata Roy Sahara Stadium,129,1419,129,bat,129,37,0,38,win
598039,2013,6,Hyderabad,5/1/2013,Indian Premier League,43,male,T20,T20,20,2013,club,"Rajiv Gandhi International Stadium, Uppal",3,2,3,bat,2,0,7,308,win
598040,2013,6,Raipur,5/1/2013,Indian Premier League,44,male,T20,T20,20,2013,club,Shaheed Veer Narayan Singh International Stadium,6,252,6,bat,252,0,7,12,win
598041,2013,6,Chennai,5/2/2013,Indian Premier League,45,male,T20,T20,20,2013,club,"MA Chidambaram Stadium, Chepauk",129,129,494,bat,129,15,0,47,win
598042,2013,6,Pune,5/2/2013,Indian Premier League,46,male,T20,T20,20,2013,club,Subrata Roy Sahara Stadium,1,1419,1,bat,1,17,0,245,win
598043,2013,6,Kolkata,5/3/2013,Indian Premier League,47,male,T20,T20,20,2013,club,Eden Gardens,134,6,134,bat,6,0,8,60,win
598044,2013,6,Hyderabad,5/4/2013,Indian Premier League,48,male,T20,T20,20,2013,club,"Rajiv Gandhi International Stadium, Uppal",252,2,252,bat,2,0,6,36610,win
598045,2013,6,Bangalore,5/14/2013,Indian Premier League,63,male,T20,T20,20,2013,club,M Chinnaswamy Stadium,494,1,494,field,494,0,7,12007,win
598046,2013,6,Mumbai,5/5/2013,Indian Premier League,49,male,T20,T20,20,2013,club,Wankhede Stadium,3,3,129,bat,3,60,0,604,win
598047,2013,6,Jaipur,5/5/2013,Indian Premier League,50,male,T20,T20,20,2013,club,Sawai Mansingh Stadium,1419,134,1419,bat,134,0,5,34,win
598048,2013,6,Bangalore,4/9/2013,Indian Premier League,9,male,T20,T20,20,2013,club,M Chinnaswamy Stadium,2,1,2,bat,1,0,7,332,win
598049,2013,6,Jaipur,5/7/2013,Indian Premier League,52,male,T20,T20,20,2013,club,Sawai Mansingh Stadium,252,134,252,bat,134,0,9,34,win
598050,2013,6,Mumbai,5/7/2013,Indian Premier League,53,male,T20,T20,20,2013,club,Wankhede Stadium,3,3,6,bat,3,65,0,12580,win
598051,2013,6,Hyderabad,5/8/2013,Indian Premier League,54,male,T20,T20,20,2013,club,"Rajiv Gandhi International Stadium, Uppal",2,2,129,field,129,77,0,47,win
598052,2013,6,Chandigarh,5/9/2013,Indian Premier League,55,male,T20,T20,20,2013,club,"Punjab Cricket Association Stadium, Mohali",134,494,134,field,134,0,8,34343,win
598053,2013,6,Pune,5/9/2013,Indian Premier League,56,male,T20,T20,20,2013,club,Subrata Roy Sahara Stadium,6,1419,6,bat,6,46,0,56,win
598054,2013,6,Delhi,5/10/2013,Indian Premier League,57,male,T20,T20,20,2013,club,Feroz Shah Kotla,252,252,1,field,1,4,0,438,win
598055,2013,6,Pune,5/11/2013,Indian Premier League,58,male,T20,T20,20,2013,club,Subrata Roy Sahara Stadium,1419,1419,3,bat,3,0,5,604,win
598056,2013,6,Chandigarh,5/11/2013,Indian Premier League,59,male,T20,T20,20,2013,club,"Punjab Cricket Association Stadium, Mohali",494,494,2,field,2,30,0,23,win
598057,2013,6,Ranchi,5/12/2013,Indian Premier League,60,male,T20,T20,20,2013,club,JSCA International Stadium Complex,6,6,1,field,6,0,5,11933,win
598058,2013,6,Jaipur,5/12/2013,Indian Premier League,61,male,T20,T20,20,2013,club,Sawai Mansingh Stadium,134,134,129,field,134,0,5,5,win
598059,2013,6,Delhi,4/23/2013,Indian Premier League,32,male,T20,T20,20,2013,club,Feroz Shah Kotla,494,252,494,field,494,0,5,13267,win
598060,2013,6,Mumbai,5/13/2013,Indian Premier League,62,male,T20,T20,20,2013,club,Wankhede Stadium,2,3,2,bat,3,0,7,29,win
598061,2013,6,Ranchi,5/15/2013,Indian Premier League,65,male,T20,T20,20,2013,club,JSCA International Stadium Complex,6,6,1419,field,1419,7,0,59,win
598062,2013,6,Chennai,5/14/2013,Indian Premier League,64,male,T20,T20,20,2013,club,"MA Chidambaram Stadium, Chepauk",129,129,252,bat,129,33,0,38,win
598063,2013,6,Mumbai,5/15/2013,Indian Premier League,66,male,T20,T20,20,2013,club,Wankhede Stadium,134,3,134,field,3,14,0,177,win
598064,2013,6,Chandigarh,5/6/2013,Indian Premier League,51,male,T20,T20,20,2013,club,"Punjab Cricket Association Stadium, Mohali",494,494,1,field,494,0,6,72,win
598065,2013,6,Hyderabad,5/17/2013,Indian Premier League,68,male,T20,T20,20,2013,club,"Rajiv Gandhi International Stadium, Uppal",2,2,134,bat,2,23,0,185,win
598066,2013,6,Dharamsala,5/18/2013,Indian Premier League,69,male,T20,T20,20,2013,club,Himachal Pradesh Cricket Association Stadium,3,494,3,field,494,50,0,34817,win
598067,2013,6,Pune,5/19/2013,Indian Premier League,71,male,T20,T20,20,2013,club,Subrata Roy Sahara Stadium,1419,1419,252,bat,1419,38,0,34959,win
598068,2013,6,Bangalore,5/18/2013,Indian Premier League,70,male,T20,T20,20,2013,club,M Chinnaswamy Stadium,129,1,129,field,1,24,0,332,win
598069,2013,6,Hyderabad,5/19/2013,Indian Premier League,72,male,T20,T20,20,2013,club,"Rajiv Gandhi International Stadium, Uppal",6,2,6,bat,2,0,5,23,win
598070,2013,6,Delhi,5/21/2013,Indian Premier League,League Match,male,T20,T20,20,2013,club,Feroz Shah Kotla,129,129,3,bat,129,48,0,11943,win
598071,2013,6,Delhi,5/22/2013,Indian Premier League,League Match,male,T20,T20,20,2013,club,Feroz Shah Kotla,2,134,2,bat,134,0,4,12318,win
598072,2013,6,Kolkata,5/24/2013,Indian Premier League,League Match,male,T20,T20,20,2013,club,Eden Gardens,134,3,134,bat,3,0,4,228,win
598073,2013,6,Kolkata,5/26/2013,Indian Premier League,League Match,male,T20,T20,20,2013,club,Eden Gardens,3,129,3,bat,3,23,0,29,win
729279,2014,6,Abu Dhabi,4/16/2014,Indian Premier League,1,male,T20,T20,20,2014,club,Sheikh Zayed Stadium,6,3,6,bat,6,41,0,11933,win
729281,2014,6,Unknown,4/17/2014,Indian Premier League,2,male,T20,T20,20,2014,club,Sharjah Cricket Stadium,1,252,1,field,1,0,8,10,win
729283,2014,6,Abu Dhabi,4/18/2014,Indian Premier League,3,male,T20,T20,20,2014,club,Sheikh Zayed Stadium,129,129,494,bat,494,0,6,71,win
729285,2014,6,Abu Dhabi,4/18/2014,Indian Premier League,4,male,T20,T20,20,2014,club,Sheikh Zayed Stadium,134,2,134,field,134,0,4,34,win
729287,2014,6,Unknown,4/19/2014,Indian Premier League,5,male,T20,T20,20,2014,club,Dubai International Cricket Stadium,1,1,3,field,1,0,7,23,win
729289,2014,6,Unknown,4/19/2014,Indian Premier League,6,male,T20,T20,20,2014,club,Dubai International Cricket Stadium,6,6,252,bat,252,0,4,1964,win
729291,2014,6,Unknown,4/20/2014,Indian Premier League,7,male,T20,T20,20,2014,club,Sharjah Cricket Stadium,494,134,494,field,494,0,7,71,win
729293,2014,6,Abu Dhabi,4/21/2014,Indian Premier League,8,male,T20,T20,20,2014,club,Sheikh Zayed Stadium,129,129,252,bat,129,93,0,47,win
729295,2014,6,Unknown,4/22/2014,Indian Premier League,9,male,T20,T20,20,2014,club,Sharjah Cricket Stadium,2,494,2,field,494,72,0,71,win
729297,2014,6,Unknown,4/23/2014,Indian Premier League,10,male,T20,T20,20,2014,club,Dubai International Cricket Stadium,134,134,129,field,129,7,0,348,win
729299,2014,6,Unknown,4/24/2014,Indian Premier League,11,male,T20,T20,20,2014,club,Sharjah Cricket Stadium,1,1,6,field,6,2,0,57,win
729301,2014,6,Unknown,4/25/2014,Indian Premier League,12,male,T20,T20,20,2014,club,Dubai International Cricket Stadium,2,2,252,bat,2,4,0,48,win
729303,2014,6,Unknown,4/25/2014,Indian Premier League,13,male,T20,T20,20,2014,club,Dubai International Cricket Stadium,3,129,3,bat,129,0,7,75,win
729305,2014,6,Abu Dhabi,4/26/2014,Indian Premier League,14,male,T20,T20,20,2014,club,Sheikh Zayed Stadium,134,134,1,field,134,0,6,37031,win
729307,2014,6,Abu Dhabi,4/26/2014,Indian Premier League,15,male,T20,T20,20,2014,club,Sheikh Zayed Stadium,6,6,494,field,494,23,0,76,win
729309,2014,6,Unknown,4/27/2014,Indian Premier League,16,male,T20,T20,20,2014,club,Sharjah Cricket Stadium,3,252,3,bat,252,0,6,1630,win
729311,2014,6,Unknown,4/27/2014,Indian Premier League,17,male,T20,T20,20,2014,club,Sharjah Cricket Stadium,2,2,129,bat,129,0,5,50,win
729313,2014,6,Unknown,4/28/2014,Indian Premier League,18,male,T20,T20,20,2014,club,Dubai International Cricket Stadium,494,494,1,field,494,0,5,76,win
729315,2014,6,Abu Dhabi,4/29/2014,Indian Premier League,19,male,T20,T20,20,2014,club,Sheikh Zayed Stadium,134,6,134,bat,134,0,0,569,tie
729317,2014,6,Unknown,4/30/2014,Indian Premier League,20,male,T20,T20,20,2014,club,Dubai International Cricket Stadium,3,3,2,field,2,15,0,20,win
733971,2014,6,Ranchi,5/2/2014,Indian Premier League,21,male,T20,T20,20,2014,club,JSCA International Stadium Complex,129,129,6,bat,129,34,0,348,win
733973,2014,6,Mumbai,5/3/2014,Indian Premier League,22,male,T20,T20,20,2014,club,Wankhede Stadium,494,3,494,bat,3,0,5,258,win
733975,2014,6,Delhi,5/3/2014,Indian Premier League,23,male,T20,T20,20,2014,club,Feroz Shah Kotla,134,252,134,field,134,0,7,179,win
733977,2014,6,Bangalore,5/4/2014,Indian Premier League,24,male,T20,T20,20,2014,club,M Chinnaswamy Stadium,1,1,2,field,1,0,4,245,win
733979,2014,6,Ahmedabad,5/5/2014,Indian Premier League,25,male,T20,T20,20,2014,club,"Sardar Patel Stadium, Motera",6,134,6,field,134,10,0,37031,win
733981,2014,6,Delhi,5/5/2014,Indian Premier League,26,male,T20,T20,20,2014,club,Feroz Shah Kotla,129,252,129,field,129,0,8,50,win
733983,2014,6,Mumbai,5/6/2014,Indian Premier League,27,male,T20,T20,20,2014,club,Wankhede Stadium,1,3,1,field,3,19,0,25,win
733985,2014,6,Delhi,5/7/2014,Indian Premier League,28,male,T20,T20,20,2014,club,Feroz Shah Kotla,252,252,6,bat,6,0,8,56,win
733987,2014,6,Cuttack,5/7/2014,Indian Premier League,29,male,T20,T20,20,2014,club,Barabati Stadium,129,494,129,field,494,44,0,71,win
733989,2014,6,Ahmedabad,5/8/2014,Indian Premier League,30,male,T20,T20,20,2014,club,"Sardar Patel Stadium, Motera",134,134,2,field,2,32,0,20,win
733991,2014,6,Bangalore,5/9/2014,Indian Premier League,31,male,T20,T20,20,2014,club,M Chinnaswamy Stadium,1,1,494,field,494,32,0,76,win
733993,2014,6,Delhi,5/10/2014,Indian Premier League,32,male,T20,T20,20,2014,club,Feroz Shah Kotla,2,252,2,field,2,0,8,3451,win
733995,2014,6,Mumbai,5/10/2014,Indian Premier League,33,male,T20,T20,20,2014,club,Wankhede Stadium,129,3,129,field,129,0,4,50,win
733997,2014,6,Cuttack,5/11/2014,Indian Premier League,34,male,T20,T20,20,2014,club,Barabati Stadium,6,494,6,field,6,0,9,56,win
733999,2014,6,Bangalore,5/11/2014,Indian Premier League,35,male,T20,T20,20,2014,club,M Chinnaswamy Stadium,1,1,134,bat,134,0,5,569,win
734001,2014,6,Hyderabad,5/12/2014,Indian Premier League,36,male,T20,T20,20,2014,club,"Rajiv Gandhi International Stadium, Uppal",2,2,3,bat,3,0,7,27,win
734003,2014,6,Ranchi,5/13/2014,Indian Premier League,37,male,T20,T20,20,2014,club,JSCA International Stadium Complex,134,129,134,bat,129,0,5,348,win
734005,2014,6,Bangalore,5/13/2014,Indian Premier League,38,male,T20,T20,20,2014,club,M Chinnaswamy Stadium,252,1,252,field,1,16,0,15,win
734007,2014,6,Hyderabad,5/14/2014,Indian Premier League,39,male,T20,T20,20,2014,club,"Rajiv Gandhi International Stadium, Uppal",494,2,494,field,494,0,6,69,win
734009,2014,6,Cuttack,5/14/2014,Indian Premier League,40,male,T20,T20,20,2014,club,Barabati Stadium,6,6,3,field,6,0,6,58,win
734011,2014,6,Ahmedabad,5/15/2014,Indian Premier League,41,male,T20,T20,20,2014,club,"Sardar Patel Stadium, Motera",252,134,252,field,134,62,0,34,win
734013,2014,6,Ranchi,5/18/2014,Indian Premier League,42,male,T20,T20,20,2014,club,JSCA International Stadium Complex,129,129,1,bat,1,0,5,245,win
734015,2014,6,Hyderabad,5/18/2014,Indian Premier League,43,male,T20,T20,20,2014,club,"Rajiv Gandhi International Stadium, Uppal",2,2,6,bat,6,0,7,318,win
734017,2014,6,Ahmedabad,5/19/2014,Indian Premier League,44,male,T20,T20,20,2014,club,"Sardar Patel Stadium, Motera",3,134,3,bat,3,25,0,11943,win
734019,2014,6,Delhi,5/19/2014,Indian Premier League,45,male,T20,T20,20,2014,club,Feroz Shah Kotla,494,252,494,field,494,0,4,70,win
734021,2014,6,Hyderabad,5/20/2014,Indian Premier League,46,male,T20,T20,20,2014,club,"Rajiv Gandhi International Stadium, Uppal",1,2,1,bat,2,0,7,12,win
734023,2014,6,Kolkata,5/20/2014,Indian Premier League,47,male,T20,T20,20,2014,club,Eden Gardens,6,6,129,field,6,0,8,58,win
734025,2014,6,Chandigarh,5/21/2014,Indian Premier League,48,male,T20,T20,20,2014,club,"Punjab Cricket Association Stadium, Mohali",3,494,3,field,3,0,7,1035,win
734027,2014,6,Kolkata,5/22/2014,Indian Premier League,49,male,T20,T20,20,2014,club,Eden Gardens,1,6,1,field,6,30,0,58,win
734029,2014,6,Ranchi,5/22/2014,Indian Premier League,50,male,T20,T20,20,2014,club,JSCA International Stadium Complex,2,129,2,field,2,0,6,12,win
734031,2014,6,Mumbai,5/23/2014,Indian Premier League,51,male,T20,T20,20,2014,club,Wankhede Stadium,252,3,252,field,3,15,0,11943,win
734033,2014,6,Chandigarh,5/23/2014,Indian Premier League,52,male,T20,T20,20,2014,club,"Punjab Cricket Association Stadium, Mohali",134,494,134,field,494,16,0,541,win
734035,2014,6,Bangalore,5/24/2014,Indian Premier League,53,male,T20,T20,20,2014,club,M Chinnaswamy Stadium,129,1,129,field,129,0,8,38,win
734037,2014,6,Kolkata,5/24/2014,Indian Premier League,54,male,T20,T20,20,2014,club,Eden Gardens,6,6,2,field,6,0,4,60,win
734039,2014,6,Chandigarh,5/25/2014,Indian Premier League,55,male,T20,T20,20,2014,club,"Punjab Cricket Association Stadium, Mohali",494,494,252,field,494,0,7,68,win
734041,2014,6,Mumbai,5/25/2014,Indian Premier League,56,male,T20,T20,20,2014,club,Wankhede Stadium,3,3,134,field,3,0,5,258,win
734043,2014,6,Kolkata,5/27/2014,Indian Premier League,League Match,male,T20,T20,20,2014,club,Eden Gardens,494,494,6,field,6,28,0,318,win
734045,2014,6,Mumbai,5/28/2014,Indian Premier League,League Match,male,T20,T20,20,2014,club,Brabourne Stadium,129,129,3,field,129,0,7,47,win
734047,2014,6,Mumbai,5/30/2014,Indian Premier League,League Match,male,T20,T20,20,2014,club,Wankhede Stadium,129,129,494,field,494,24,0,11975,win
734049,2014,6,Bangalore,6/1/2014,Indian Premier League,League Match,male,T20,T20,20,2014,club,M Chinnaswamy Stadium,6,6,494,field,6,0,3,59,win
829705,2015,6,Kolkata,4/8/2015,Indian Premier League,1,male,T20,T20,20,2015,club,Eden Gardens,6,6,3,field,6,0,7,13863,win
829707,2015,6,Chennai,4/9/2015,Indian Premier League,2,male,T20,T20,20,2015,club,"MA Chidambaram Stadium, Chepauk",252,129,252,field,129,1,0,21,win
829709,2015,6,Pune,4/10/2015,Indian Premier League,3,male,T20,T20,20,2015,club,Maharashtra Cricket Association Stadium,494,494,134,field,134,26,0,569,win
829711,2015,6,Chennai,4/11/2015,Indian Premier League,4,male,T20,T20,20,2015,club,"MA Chidambaram Stadium, Chepauk",129,129,2,bat,129,45,0,46,win
829713,2015,6,Kolkata,4/11/2015,Indian Premier League,5,male,T20,T20,20,2015,club,Eden Gardens,1,6,1,field,1,0,3,1,win
829715,2015,6,Delhi,4/12/2015,Indian Premier League,6,male,T20,T20,20,2015,club,Feroz Shah Kotla,134,252,134,field,134,0,3,16,win
829717,2015,6,Mumbai,4/12/2015,Indian Premier League,7,male,T20,T20,20,2015,club,Wankhede Stadium,3,3,494,field,494,18,0,13882,win
829719,2015,6,Bangalore,4/13/2015,Indian Premier League,8,male,T20,T20,20,2015,club,M Chinnaswamy Stadium,2,1,2,field,2,0,8,12,win
829721,2015,6,Ahmedabad,4/14/2015,Indian Premier League,9,male,T20,T20,20,2015,club,"Sardar Patel Stadium, Motera",3,134,3,bat,134,0,7,36,win
829723,2015,6,Kolkata,4/30/2015,Indian Premier League,30,male,T20,T20,20,2015,club,Eden Gardens,6,6,129,field,6,0,7,1437,win
829725,2015,6,Pune,4/15/2015,Indian Premier League,10,male,T20,T20,20,2015,club,Maharashtra Cricket Association Stadium,494,494,252,bat,252,0,5,35,win
829727,2015,6,Visakhapatnam,4/16/2015,Indian Premier League,11,male,T20,T20,20,2015,club,Dr. Y.S. Rajasekhara Reddy ACA-VDCA Cricket Stadium,134,2,134,field,134,0,6,34,win
829729,2015,6,Mumbai,4/17/2015,Indian Premier League,12,male,T20,T20,20,2015,club,Wankhede Stadium,3,3,129,bat,129,0,6,21,win
829731,2015,6,Visakhapatnam,4/18/2015,Indian Premier League,13,male,T20,T20,20,2015,club,Dr. Y.S. Rajasekhara Reddy ACA-VDCA Cricket Stadium,252,2,252,bat,252,4,0,1964,win
829733,2015,6,Pune,4/18/2015,Indian Premier League,14,male,T20,T20,20,2015,club,Maharashtra Cricket Association Stadium,6,494,6,field,6,0,4,1437,win
829735,2015,6,Ahmedabad,4/19/2015,Indian Premier League,15,male,T20,T20,20,2015,club,"Sardar Patel Stadium, Motera",129,134,129,bat,134,0,8,34,win
829737,2015,6,Bangalore,4/19/2015,Indian Premier League,16,male,T20,T20,20,2015,club,M Chinnaswamy Stadium,1,1,3,field,3,18,0,228,win
829739,2015,6,Delhi,4/20/2015,Indian Premier League,17,male,T20,T20,20,2015,club,Feroz Shah Kotla,6,252,6,field,6,0,6,318,win
829741,2015,6,Ahmedabad,4/21/2015,Indian Premier League,18,male,T20,T20,20,2015,club,"Sardar Patel Stadium, Motera",494,134,494,field,494,0,0,541,tie
829743,2015,6,Visakhapatnam,4/22/2015,Indian Premier League,19,male,T20,T20,20,2015,club,Dr. Y.S. Rajasekhara Reddy ACA-VDCA Cricket Stadium,6,2,6,field,2,16,0,12,win
829745,2015,6,Bangalore,4/22/2015,Indian Premier League,20,male,T20,T20,20,2015,club,M Chinnaswamy Stadium,1,1,129,field,129,27,0,47,win
829747,2015,6,Delhi,4/23/2015,Indian Premier League,21,male,T20,T20,20,2015,club,Feroz Shah Kotla,3,252,3,field,252,37,0,389,win
829749,2015,6,Ahmedabad,4/24/2015,Indian Premier League,22,male,T20,T20,20,2015,club,"Sardar Patel Stadium, Motera",1,134,1,field,1,0,9,10109,win
829751,2015,6,Mumbai,4/25/2015,Indian Premier League,23,male,T20,T20,20,2015,club,Wankhede Stadium,3,3,2,bat,3,20,0,230,win
829753,2015,6,Chennai,4/25/2015,Indian Premier League,24,male,T20,T20,20,2015,club,"MA Chidambaram Stadium, Chepauk",129,129,494,bat,129,97,0,46,win
829757,2015,6,Delhi,4/26/2015,Indian Premier League,26,male,T20,T20,20,2015,club,Feroz Shah Kotla,1,252,1,field,1,0,10,241,win
829759,2015,6,Chandigarh,4/27/2015,Indian Premier League,27,male,T20,T20,20,2015,club,"Punjab Cricket Association Stadium, Mohali",494,494,2,field,2,20,0,66,win
829761,2015,6,Kolkata,5/7/2015,Indian Premier League,42,male,T20,T20,20,2015,club,Eden Gardens,6,6,252,bat,6,13,0,63,win
829763,2015,6,Bangalore,4/29/2015,Indian Premier League,29,male,T20,T20,20,2015,club,M Chinnaswamy Stadium,134,1,134,field,134,0,0,Not Awarded,no result
829765,2015,6,Chennai,4/28/2015,Indian Premier League,28,male,T20,T20,20,2015,club,"MA Chidambaram Stadium, Chepauk",6,129,6,field,129,2,0,1393,win
829767,2015,6,Delhi,5/1/2015,Indian Premier League,31,male,T20,T20,20,2015,club,Feroz Shah Kotla,252,252,494,field,252,0,9,471,win
829769,2015,6,Mumbai,5/1/2015,Indian Premier League,32,male,T20,T20,20,2015,club,Wankhede Stadium,134,3,134,field,3,8,0,27,win
829771,2015,6,Bangalore,5/2/2015,Indian Premier League,33,male,T20,T20,20,2015,club,M Chinnaswamy Stadium,1,1,6,field,1,0,7,2,win
829773,2015,6,Hyderabad,5/2/2015,Indian Premier League,34,male,T20,T20,20,2015,club,"Rajiv Gandhi International Stadium, Uppal",129,2,129,field,2,22,0,12,win
829775,2015,6,Chandigarh,5/3/2015,Indian Premier League,35,male,T20,T20,20,2015,club,"Punjab Cricket Association Stadium, Mohali",3,494,3,bat,3,23,0,1035,win
829777,2015,6,Mumbai,5/3/2015,Indian Premier League,36,male,T20,T20,20,2015,club,Brabourne Stadium,252,134,252,field,134,14,0,34,win
829779,2015,6,Chennai,5/4/2015,Indian Premier League,37,male,T20,T20,20,2015,club,"MA Chidambaram Stadium, Chepauk",129,129,1,bat,129,24,0,47,win
829781,2015,6,Kolkata,5/4/2015,Indian Premier League,38,male,T20,T20,20,2015,club,Eden Gardens,2,6,2,field,6,35,0,318,win
829783,2015,6,Mumbai,5/5/2015,Indian Premier League,39,male,T20,T20,20,2015,club,Wankhede Stadium,252,3,252,bat,3,0,5,228,win
829785,2015,6,Bangalore,5/6/2015,Indian Premier League,40,male,T20,T20,20,2015,club,M Chinnaswamy Stadium,494,1,494,field,1,138,0,1,win
829787,2015,6,Mumbai,5/7/2015,Indian Premier League,41,male,T20,T20,20,2015,club,Brabourne Stadium,134,134,2,field,2,7,0,400,win
829789,2015,6,Chennai,5/8/2015,Indian Premier League,43,male,T20,T20,20,2015,club,"MA Chidambaram Stadium, Chepauk",129,129,3,bat,3,0,6,30,win
829791,2015,6,Kolkata,5/9/2015,Indian Premier League,44,male,T20,T20,20,2015,club,Eden Gardens,494,6,494,bat,6,0,1,1437,win
829793,2015,6,Raipur,5/9/2015,Indian Premier League,45,male,T20,T20,20,2015,club,Shaheed Veer Narayan Singh International Stadium,2,252,2,bat,2,6,0,14,win
829795,2015,6,Mumbai,5/10/2015,Indian Premier League,46,male,T20,T20,20,2015,club,Wankhede Stadium,1,3,1,bat,1,39,0,245,win
829797,2015,6,Chennai,5/10/2015,Indian Premier League,47,male,T20,T20,20,2015,club,"MA Chidambaram Stadium, Chepauk",129,129,134,bat,129,12,0,348,win
829799,2015,6,Hyderabad,5/11/2015,Indian Premier League,48,male,T20,T20,20,2015,club,"Rajiv Gandhi International Stadium, Uppal",2,2,494,bat,2,5,0,12,win
829801,2015,6,Raipur,5/12/2015,Indian Premier League,49,male,T20,T20,20,2015,club,Shaheed Veer Narayan Singh International Stadium,129,252,129,bat,252,0,6,187,win
829803,2015,6,Chandigarh,5/13/2015,Indian Premier League,50,male,T20,T20,20,2015,club,"Punjab Cricket Association Stadium, Mohali",1,494,1,field,494,22,0,70,win
829805,2015,6,Mumbai,5/14/2015,Indian Premier League,51,male,T20,T20,20,2015,club,Wankhede Stadium,6,3,6,field,3,5,0,30,win
829807,2015,6,Hyderabad,5/15/2015,Indian Premier League,52,male,T20,T20,20,2015,club,"Rajiv Gandhi International Stadium, Uppal",2,2,1,bat,1,0,6,332,win
829809,2015,6,Chandigarh,5/16/2015,Indian Premier League,53,male,T20,T20,20,2015,club,"Punjab Cricket Association Stadium, Mohali",494,494,129,bat,129,0,7,172,win
829811,2015,6,Mumbai,5/16/2015,Indian Premier League,54,male,T20,T20,20,2015,club,Brabourne Stadium,134,134,6,bat,134,9,0,5,win
829813,2015,6,Bangalore,5/17/2015,Indian Premier League,55,male,T20,T20,20,2015,club,M Chinnaswamy Stadium,1,1,252,field,252,0,0,Not Awarded,no result
829815,2015,6,Hyderabad,5/17/2015,Indian Premier League,56,male,T20,T20,20,2015,club,"Rajiv Gandhi International Stadium, Uppal",2,2,3,bat,3,0,9,32,win
829817,2015,6,Mumbai,5/19/2015,Indian Premier League,League Match,male,T20,T20,20,2015,club,Wankhede Stadium,3,129,3,bat,3,25,0,29,win
829819,2015,6,Pune,5/20/2015,Indian Premier League,League Match,male,T20,T20,20,2015,club,Maharashtra Cricket Association Stadium,1,1,134,bat,1,71,0,245,win
829821,2015,6,Ranchi,5/22/2015,Indian Premier League,League Match,male,T20,T20,20,2015,club,JSCA International Stadium Complex,129,129,1,field,129,0,3,21,win
829823,2015,6,Kolkata,5/24/2015,Indian Premier League,League Match,male,T20,T20,20,2015,club,Eden Gardens,129,3,129,field,3,41,0,25,win
980901,2016,6,Mumbai,4/9/2016,Indian Premier League,1,male,T20,T20,20,2016,club,Wankhede Stadium,3,3,4,bat,4,0,9,34,win
980903,2016,6,Kolkata,4/10/2016,Indian Premier League,2,male,T20,T20,20,2016,club,Eden Gardens,6,6,252,field,6,0,9,1437,win
980905,2016,6,Chandigarh,4/11/2016,Indian Premier League,3,male,T20,T20,20,2016,club,"Punjab Cricket Association IS Bindra Stadium, Mohali",5,494,5,field,5,0,5,48,win
980907,2016,6,Bangalore,4/12/2016,Indian Premier League,4,male,T20,T20,20,2016,club,M Chinnaswamy Stadium,2,1,2,field,1,45,0,245,win
980909,2016,6,Kolkata,4/13/2016,Indian Premier League,5,male,T20,T20,20,2016,club,Eden Gardens,3,6,3,field,3,0,6,25,win
980911,2016,6,Rajkot,4/14/2016,Indian Premier League,6,male,T20,T20,20,2016,club,Saurashtra Cricket Association Stadium,4,5,4,bat,5,0,7,48,win
980913,2016,6,Delhi,4/15/2016,Indian Premier League,7,male,T20,T20,20,2016,club,Feroz Shah Kotla,252,252,494,field,252,0,8,185,win
980915,2016,6,Hyderabad,4/16/2016,Indian Premier League,8,male,T20,T20,20,2016,club,"Rajiv Gandhi International Stadium, Uppal",2,2,6,bat,6,0,8,56,win
980917,2016,6,Mumbai,4/16/2016,Indian Premier League,9,male,T20,T20,20,2016,club,Wankhede Stadium,5,3,5,field,5,0,3,48,win
980919,2016,6,Chandigarh,4/17/2016,Indian Premier League,10,male,T20,T20,20,2016,club,"Punjab Cricket Association IS Bindra Stadium, Mohali",4,494,4,bat,494,0,6,68,win
980921,2016,6,Bangalore,4/17/2016,Indian Premier League,11,male,T20,T20,20,2016,club,M Chinnaswamy Stadium,252,1,252,field,252,0,7,1421,win
980923,2016,6,Hyderabad,4/18/2016,Indian Premier League,12,male,T20,T20,20,2016,club,"Rajiv Gandhi International Stadium, Uppal",2,2,3,field,2,0,7,12,win
980925,2016,6,Chandigarh,4/19/2016,Indian Premier League,13,male,T20,T20,20,2016,club,"Punjab Cricket Association IS Bindra Stadium, Mohali",6,494,6,field,6,0,6,58,win
980927,2016,6,Mumbai,4/20/2016,Indian Premier League,14,male,T20,T20,20,2016,club,Wankhede Stadium,3,3,1,field,3,0,6,25,win
980929,2016,6,Rajkot,4/21/2016,Indian Premier League,15,male,T20,T20,20,2016,club,Saurashtra Cricket Association Stadium,2,5,2,field,2,0,10,20,win
980931,2016,6,Pune,4/22/2016,Indian Premier League,16,male,T20,T20,20,2016,club,Maharashtra Cricket Association Stadium,4,4,1,field,1,13,0,245,win
980933,2016,6,Delhi,4/23/2016,Indian Premier League,17,male,T20,T20,20,2016,club,Feroz Shah Kotla,3,252,3,field,252,10,0,180,win
980935,2016,6,Hyderabad,4/23/2016,Indian Premier League,18,male,T20,T20,20,2016,club,"Rajiv Gandhi International Stadium, Uppal",2,2,494,field,2,0,5,297,win
980937,2016,6,Rajkot,4/24/2016,Indian Premier League,19,male,T20,T20,20,2016,club,Saurashtra Cricket Association Stadium,1,5,1,bat,5,0,6,332,win
980939,2016,6,Pune,4/24/2016,Indian Premier League,20,male,T20,T20,20,2016,club,Maharashtra Cricket Association Stadium,6,4,6,field,6,0,2,61,win
980941,2016,6,Chandigarh,4/25/2016,Indian Premier League,21,male,T20,T20,20,2016,club,"Punjab Cricket Association IS Bindra Stadium, Mohali",494,494,3,field,3,25,0,23,win
980943,2016,6,Hyderabad,4/26/2016,Indian Premier League,22,male,T20,T20,20,2016,club,"Rajiv Gandhi International Stadium, Uppal",4,2,4,field,4,34,0,43,win
980945,2016,6,Delhi,4/27/2016,Indian Premier League,23,male,T20,T20,20,2016,club,Feroz Shah Kotla,252,252,5,field,5,1,0,182,win
980947,2016,6,Mumbai,4/28/2016,Indian Premier League,24,male,T20,T20,20,2016,club,Wankhede Stadium,3,3,6,field,3,0,6,25,win
980949,2016,6,Pune,4/29/2016,Indian Premier League,25,male,T20,T20,20,2016,club,Maharashtra Cricket Association Stadium,5,4,5,field,5,0,3,50,win
980951,2016,6,Delhi,4/30/2016,Indian Premier League,26,male,T20,T20,20,2016,club,Feroz Shah Kotla,6,252,6,field,252,27,0,183,win
980953,2016,6,Hyderabad,4/30/2016,Indian Premier League,27,male,T20,T20,20,2016,club,"Rajiv Gandhi International Stadium, Uppal",1,2,1,field,2,15,0,12,win
980955,2016,6,Rajkot,5/1/2016,Indian Premier League,28,male,T20,T20,20,2016,club,Saurashtra Cricket Association Stadium,5,5,494,field,494,23,0,70,win
980957,2016,6,Pune,5/1/2016,Indian Premier League,29,male,T20,T20,20,2016,club,Maharashtra Cricket Association Stadium,3,4,3,field,3,0,8,25,win
980959,2016,6,Bangalore,5/2/2016,Indian Premier League,30,male,T20,T20,20,2016,club,M Chinnaswamy Stadium,6,1,6,field,6,0,5,1437,win
980961,2016,6,Rajkot,5/3/2016,Indian Premier League,31,male,T20,T20,20,2016,club,Saurashtra Cricket Association Stadium,252,5,252,field,252,0,8,181,win
980963,2016,6,Kolkata,5/4/2016,Indian Premier League,32,male,T20,T20,20,2016,club,Eden Gardens,494,6,494,field,6,7,0,1437,win
980965,2016,6,Delhi,5/5/2016,Indian Premier League,33,male,T20,T20,20,2016,club,Feroz Shah Kotla,4,252,4,field,4,0,7,34,win
980967,2016,6,Hyderabad,5/6/2016,Indian Premier League,34,male,T20,T20,20,2016,club,"Rajiv Gandhi International Stadium, Uppal",2,2,5,field,2,0,5,20,win
980969,2016,6,Bangalore,5/7/2016,Indian Premier League,35,male,T20,T20,20,2016,club,M Chinnaswamy Stadium,1,1,4,field,1,0,7,332,win
980971,2016,6,Chandigarh,5/7/2016,Indian Premier League,36,male,T20,T20,20,2016,club,"Punjab Cricket Association IS Bindra Stadium, Mohali",252,494,252,field,494,9,0,73,win
980973,2016,6,Visakhapatnam,5/8/2016,Indian Premier League,37,male,T20,T20,20,2016,club,Dr. Y.S. Rajasekhara Reddy ACA-VDCA Cricket Stadium,3,3,2,field,2,85,0,21,win
980975,2016,6,Kolkata,5/8/2016,Indian Premier League,38,male,T20,T20,20,2016,club,Eden Gardens,5,6,5,field,5,0,5,52,win
980977,2016,6,Chandigarh,5/9/2016,Indian Premier League,39,male,T20,T20,20,2016,club,"Punjab Cricket Association IS Bindra Stadium, Mohali",494,494,1,field,1,1,0,5,win
1473446,2025,6,Ahmedabad,3/29/2025,Indian Premier League,9,male,T20,T20,20,2025,club,"Narendra Modi Stadium, Ahmedabad",3,615,3,field,615,36,0,2188,win
980979,2016,6,Visakhapatnam,5/10/2016,Indian Premier League,40,male,T20,T20,20,2016,club,Dr. Y.S. Rajasekhara Reddy ACA-VDCA Cricket Stadium,2,4,2,bat,2,4,0,42,win
980981,2016,6,Bangalore,5/11/2016,Indian Premier League,41,male,T20,T20,20,2016,club,M Chinnaswamy Stadium,3,1,3,field,3,0,6,28,win
980983,2016,6,Hyderabad,5/12/2016,Indian Premier League,42,male,T20,T20,20,2016,club,"Rajiv Gandhi International Stadium, Uppal",252,2,252,field,252,0,7,182,win
980985,2016,6,Visakhapatnam,5/13/2016,Indian Premier League,43,male,T20,T20,20,2016,club,Dr. Y.S. Rajasekhara Reddy ACA-VDCA Cricket Stadium,3,3,494,bat,494,0,7,73,win
980987,2016,6,Bangalore,5/14/2016,Indian Premier League,44,male,T20,T20,20,2016,club,M Chinnaswamy Stadium,5,1,5,field,1,144,0,245,win
980989,2016,6,Kolkata,5/14/2016,Indian Premier League,45,male,T20,T20,20,2016,club,Eden Gardens,4,6,4,bat,6,0,8,60,win
980991,2016,6,Chandigarh,5/15/2016,Indian Premier League,46,male,T20,T20,20,2016,club,"Punjab Cricket Association IS Bindra Stadium, Mohali",494,494,2,bat,2,0,7,67,win
980993,2016,6,Visakhapatnam,5/15/2016,Indian Premier League,47,male,T20,T20,20,2016,club,Dr. Y.S. Rajasekhara Reddy ACA-VDCA Cricket Stadium,252,3,252,field,3,80,0,28,win
980995,2016,6,Kolkata,5/16/2016,Indian Premier League,48,male,T20,T20,20,2016,club,Eden Gardens,1,6,1,field,1,0,9,332,win
980997,2016,6,Visakhapatnam,5/17/2016,Indian Premier League,49,male,T20,T20,20,2016,club,Dr. Y.S. Rajasekhara Reddy ACA-VDCA Cricket Stadium,4,4,252,field,4,19,0,43,win
980999,2016,6,Bangalore,5/18/2016,Indian Premier League,50,male,T20,T20,20,2016,club,M Chinnaswamy Stadium,494,1,494,field,1,82,0,332,win
981001,2016,6,Kanpur,5/19/2016,Indian Premier League,51,male,T20,T20,20,2016,club,Green Park,5,5,6,field,5,0,6,50,win
981003,2016,6,Raipur,5/20/2016,Indian Premier League,52,male,T20,T20,20,2016,club,Shaheed Veer Narayan Singh International Stadium,252,252,2,field,252,0,6,179,win
981005,2016,6,Visakhapatnam,5/21/2016,Indian Premier League,53,male,T20,T20,20,2016,club,Dr. Y.S. Rajasekhara Reddy ACA-VDCA Cricket Stadium,494,4,494,bat,4,0,4,38,win
981007,2016,6,Kanpur,5/21/2016,Indian Premier League,54,male,T20,T20,20,2016,club,Green Park,5,5,3,field,5,0,6,47,win
981009,2016,6,Kolkata,5/22/2016,Indian Premier League,55,male,T20,T20,20,2016,club,Eden Gardens,2,6,2,field,6,22,0,60,win
981011,2016,6,Raipur,5/22/2016,Indian Premier League,56,male,T20,T20,20,2016,club,Shaheed Veer Narayan Singh International Stadium,1,252,1,field,1,0,6,332,win
981013,2016,6,Bangalore,5/24/2016,Indian Premier League,League Match,male,T20,T20,20,2016,club,M Chinnaswamy Stadium,1,5,1,field,1,0,4,245,win
981015,2016,6,Delhi,5/25/2016,Indian Premier League,League Match,male,T20,T20,20,2016,club,Feroz Shah Kotla,6,2,6,field,2,22,0,14,win
981017,2016,6,Delhi,5/27/2016,Indian Premier League,League Match,male,T20,T20,20,2016,club,Feroz Shah Kotla,2,5,2,field,2,0,4,12,win
981019,2016,6,Bangalore,5/29/2016,Indian Premier League,League Match,male,T20,T20,20,2016,club,M Chinnaswamy Stadium,2,1,2,bat,2,8,0,17,win
1473447,2025,6,Visakhapatnam,3/30/2025,Indian Premier League,10,male,T20,T20,20,2025,club,"Dr. Y.S. Rajasekhara Reddy ACA-VDCA Cricket Stadium, Visakhapatnam",2,2,252,bat,252,0,7,10109,win
1473448,2025,6,Guwahati,3/30/2025,Indian Premier League,11,male,T20,T20,20,2025,club,"Barsapara Cricket Stadium, Guwahati",129,134,129,field,134,6,0,26,win
1473449,2025,6,Mumbai,3/31/2025,Indian Premier League,12,male,T20,T20,20,2025,club,"Wankhede Stadium, Mumbai",3,6,3,field,3,0,8,41785,win
1473450,2025,6,Lucknow,4/1/2025,Indian Premier League,13,male,T20,T20,20,2025,club,"Bharat Ratna Shri Atal Bihari Vajpayee Ekana Cricket Stadium, Lucknow",494,614,494,field,494,0,8,3747,win
1473451,2025,6,Bengaluru,4/2/2025,Indian Premier League,14,male,T20,T20,20,2025,club,"M Chinnaswamy Stadium, Bengaluru",615,1,615,field,615,0,8,538,win
1473452,2025,6,Kolkata,4/3/2025,Indian Premier League,15,male,T20,T20,20,2025,club,"Eden Gardens, Kolkata",2,6,2,field,6,80,0,6885,win
1473453,2025,6,Lucknow,4/4/2025,Indian Premier League,16,male,T20,T20,20,2025,club,"Bharat Ratna Shri Atal Bihari Vajpayee Ekana Cricket Stadium, Lucknow",3,614,3,field,614,12,0,11833,win
1473454,2025,6,Chennai,4/5/2025,Indian Premier League,17,male,T20,T20,20,2025,club,"MA Chidambaram Stadium, Chepauk, Chennai",252,252,129,bat,252,25,0,1409,win
1473455,2025,6,Mohali,4/5/2025,Indian Premier League,18,male,T20,T20,20,2025,club,"Maharaja Yadavindra Singh International Cricket Stadium, Mullanpur",494,134,494,field,134,50,0,1833,win
1473456,2025,6,Kolkata,4/8/2025,Indian Premier League,21,male,T20,T20,20,2025,club,"Eden Gardens, Kolkata",6,614,6,field,614,4,0,2766,win
1473457,2025,6,Hyderabad,4/6/2025,Indian Premier League,19,male,T20,T20,20,2025,club,"Rajiv Gandhi International Stadium, Uppal, Hyderabad",615,2,615,field,615,0,7,538,win
1473458,2025,6,Mumbai,4/7/2025,Indian Premier League,20,male,T20,T20,20,2025,club,"Wankhede Stadium, Mumbai",3,1,3,field,1,12,0,5349,win
1473459,2025,6,Mohali,4/8/2025,Indian Premier League,22,male,T20,T20,20,2025,club,"Maharaja Yadavindra Singh International Cricket Stadium, Mullanpur",494,494,129,bat,494,18,0,11847,win
1473460,2025,6,Ahmedabad,4/9/2025,Indian Premier League,23,male,T20,T20,20,2025,club,"Narendra Modi Stadium, Ahmedabad",134,615,134,field,615,58,0,6999,win
1473461,2025,6,Bengaluru,4/10/2025,Indian Premier League,24,male,T20,T20,20,2025,club,"M Chinnaswamy Stadium, Bengaluru",252,1,252,field,252,0,6,1409,win
1473462,2025,6,Chennai,4/11/2025,Indian Premier League,25,male,T20,T20,20,2025,club,"MA Chidambaram Stadium, Chepauk, Chennai",6,129,6,field,6,0,8,65,win
1473463,2025,6,Lucknow,4/12/2025,Indian Premier League,26,male,T20,T20,20,2025,club,"Bharat Ratna Shri Atal Bihari Vajpayee Ekana Cricket Stadium, Lucknow",614,615,614,field,614,0,6,6054,win
1473464,2025,6,Hyderabad,4/12/2025,Indian Premier League,27,male,T20,T20,20,2025,club,"Rajiv Gandhi International Stadium, Uppal, Hyderabad",494,494,2,bat,2,0,8,2349,win
1473465,2025,6,Jaipur,4/13/2025,Indian Premier League,28,male,T20,T20,20,2025,club,"Sawai Mansingh Stadium, Jaipur",1,134,1,field,1,0,9,8945,win
1473466,2025,6,Delhi,4/13/2025,Indian Premier League,29,male,T20,T20,20,2025,club,"Arun Jaitley Stadium, Delhi",252,3,252,field,3,12,0,676,win
1473467,2025,6,Lucknow,4/14/2025,Indian Premier League,30,male,T20,T20,20,2025,club,"Bharat Ratna Shri Atal Bihari Vajpayee Ekana Cricket Stadium, Lucknow",129,614,129,field,129,0,5,38,win
1473468,2025,6,Mohali,4/15/2025,Indian Premier League,31,male,T20,T20,20,2025,club,"Maharaja Yadavindra Singh International Cricket Stadium, Mullanpur",494,494,6,bat,494,16,0,10,win
1473469,2025,6,Delhi,4/16/2025,Indian Premier League,32,male,T20,T20,20,2025,club,"Arun Jaitley Stadium, Delhi",134,252,134,field,134,0,0,10109,tie
1473470,2025,6,Mumbai,4/17/2025,Indian Premier League,33,male,T20,T20,20,2025,club,"Wankhede Stadium, Mumbai",3,2,3,field,3,0,4,10630,win
1473471,2025,6,Bengaluru,4/18/2025,Indian Premier League,34,male,T20,T20,20,2025,club,"M Chinnaswamy Stadium, Bengaluru",494,1,494,field,494,0,5,6550,win
1473472,2025,6,Ahmedabad,4/19/2025,Indian Premier League,35,male,T20,T20,20,2025,club,"Narendra Modi Stadium, Ahmedabad",615,252,615,field,615,0,7,24,win
1473473,2025,6,Jaipur,4/19/2025,Indian Premier League,36,male,T20,T20,20,2025,club,"Sawai Mansingh Stadium, Jaipur",614,614,134,bat,614,2,0,1286,win
1473474,2025,6,Mohali,4/20/2025,Indian Premier League,37,male,T20,T20,20,2025,club,"Maharaja Yadavindra Singh International Cricket Stadium, Mullanpur",1,494,1,field,1,0,7,332,win
1473475,2025,6,Mumbai,4/20/2025,Indian Premier League,38,male,T20,T20,20,2025,club,"Wankhede Stadium, Mumbai",3,129,3,field,3,0,9,25,win
1473476,2025,6,Kolkata,4/21/2025,Indian Premier League,39,male,T20,T20,20,2025,club,"Eden Gardens, Kolkata",6,615,6,field,615,39,0,1580,win
1473477,2025,6,Lucknow,4/22/2025,Indian Premier League,40,male,T20,T20,20,2025,club,"Bharat Ratna Shri Atal Bihari Vajpayee Ekana Cricket Stadium, Lucknow",252,614,252,field,252,0,8,8355,win
1473478,2025,6,Hyderabad,4/23/2025,Indian Premier League,41,male,T20,T20,20,2025,club,"Rajiv Gandhi International Stadium, Uppal, Hyderabad",3,2,3,field,3,0,7,66,win
1473479,2025,6,Bengaluru,4/24/2025,Indian Premier League,42,male,T20,T20,20,2025,club,"M Chinnaswamy Stadium, Bengaluru",134,1,134,field,1,11,0,4664,win
1473480,2025,6,Chennai,4/25/2025,Indian Premier League,43,male,T20,T20,20,2025,club,"MA Chidambaram Stadium, Chepauk, Chennai",2,129,2,field,2,0,5,1285,win
1473481,2025,6,Kolkata,4/26/2025,Indian Premier League,44,male,T20,T20,20,2025,club,"Eden Gardens, Kolkata",494,494,6,bat,6,0,0,Not Awarded,no result
1473482,2025,6,Mumbai,4/27/2025,Indian Premier League,45,male,T20,T20,20,2025,club,"Wankhede Stadium, Mumbai",614,3,614,field,3,54,0,10630,win
1473483,2025,6,Delhi,4/27/2025,Indian Premier League,46,male,T20,T20,20,2025,club,"Arun Jaitley Stadium, Delhi",1,252,1,field,1,0,6,28,win
1473484,2025,6,Jaipur,4/28/2025,Indian Premier League,47,male,T20,T20,20,2025,club,"Sawai Mansingh Stadium, Jaipur",134,615,134,field,134,0,8,42566,win
1473485,2025,6,Delhi,4/29/2025,Indian Premier League,48,male,T20,T20,20,2025,club,"Arun Jaitley Stadium, Delhi",252,6,252,field,6,14,0,65,win
1473486,2025,6,Chennai,4/30/2025,Indian Premier League,49,male,T20,T20,20,2025,club,"MA Chidambaram Stadium, Chepauk, Chennai",494,129,494,field,494,0,4,389,win
1473487,2025,6,Jaipur,5/1/2025,Indian Premier League,50,male,T20,T20,20,2025,club,"Sawai Mansingh Stadium, Jaipur",134,3,134,field,3,100,0,11801,win
1473488,2025,6,Ahmedabad,5/2/2025,Indian Premier League,51,male,T20,T20,20,2025,club,"Narendra Modi Stadium, Ahmedabad",2,615,2,field,615,38,0,2188,win
1473489,2025,6,Bengaluru,5/3/2025,Indian Premier League,52,male,T20,T20,20,2025,club,"M Chinnaswamy Stadium, Bengaluru",129,1,129,field,1,2,0,6761,win
1473490,2025,6,Kolkata,5/4/2025,Indian Premier League,53,male,T20,T20,20,2025,club,"Eden Gardens, Kolkata",6,6,134,bat,6,1,0,1437,win
1473491,2025,6,Dharamsala,5/4/2025,Indian Premier League,54,male,T20,T20,20,2025,club,"Himachal Pradesh Cricket Association Stadium, Dharamsala",614,494,614,field,494,37,0,3747,win
1473492,2025,6,Hyderabad,5/5/2025,Indian Premier League,55,male,T20,T20,20,2025,club,"Rajiv Gandhi International Stadium, Uppal, Hyderabad",2,252,2,field,2,0,0,Not Awarded,no result
1473493,2025,6,Mumbai,5/6/2025,Indian Premier League,56,male,T20,T20,20,2025,club,"Wankhede Stadium, Mumbai",615,3,615,field,615,0,3,1580,win
1473494,2025,6,Kolkata,5/7/2025,Indian Premier League,57,male,T20,T20,20,2025,club,"Eden Gardens, Kolkata",6,6,129,bat,129,0,2,8809,win
1473495,2025,6,Dharamsala,5/8/2025,Indian Premier League,58,male,T20,T20,20,2025,club,"Himachal Pradesh Cricket Association Stadium, Dharamsala",494,494,252,bat,252,0,0,Not Awarded,no result
1473497,2025,6,Jaipur,5/18/2025,Indian Premier League,59,male,T20,T20,20,2025,club,"Sawai Mansingh Stadium, Jaipur",494,494,134,bat,494,10,0,3495,win
1473498,2025,6,Delhi,5/18/2025,Indian Premier League,60,male,T20,T20,20,2025,club,"Arun Jaitley Stadium, Delhi",615,252,615,field,615,0,10,6999,win
1473499,2025,6,Lucknow,5/19/2025,Indian Premier League,61,male,T20,T20,20,2025,club,"Bharat Ratna Shri Atal Bihari Vajpayee Ekana Cricket Stadium, Lucknow",2,614,2,field,2,0,6,2349,win
1473500,2025,6,Delhi,5/20/2025,Indian Premier League,62,male,T20,T20,20,2025,club,"Arun Jaitley Stadium, Delhi",134,129,134,field,134,0,6,9371,win
1473501,2025,6,Mumbai,5/21/2025,Indian Premier League,63,male,T20,T20,20,2025,club,"Wankhede Stadium, Mumbai",252,3,252,field,3,59,0,61,win
1473502,2025,6,Ahmedabad,5/22/2025,Indian Premier League,64,male,T20,T20,20,2025,club,"Narendra Modi Stadium, Ahmedabad",615,614,615,field,614,33,0,4960,win
1473503,2025,6,Lucknow,5/23/2025,Indian Premier League,65,male,T20,T20,20,2025,club,"Bharat Ratna Shri Atal Bihari Vajpayee Ekana Cricket Stadium, Lucknow",1,2,1,field,2,42,0,347,win
1473504,2025,6,Ahmedabad,5/25/2025,Indian Premier League,67,male,T20,T20,20,2025,club,"Narendra Modi Stadium, Ahmedabad",129,129,615,bat,129,83,0,6944,win
1473505,2025,6,Delhi,5/25/2025,Indian Premier League,68,male,T20,T20,20,2025,club,"Arun Jaitley Stadium, Delhi",2,2,6,bat,2,110,0,1740,win
1473506,2025,6,Jaipur,5/26/2025,Indian Premier League,69,male,T20,T20,20,2025,club,"Sawai Mansingh Stadium, Jaipur",494,3,494,field,494,0,7,42220,win
1473507,2025,6,Lucknow,5/27/2025,Indian Premier League,70,male,T20,T20,20,2025,club,"Bharat Ratna Shri Atal Bihari Vajpayee Ekana Cricket Stadium, Lucknow",1,614,1,field,1,0,6,6880,win
1473508,2025,6,New Chandigarh,5/29/2025,Indian Premier League,League Match,male,T20,T20,20,2025,club,"Maharaja Yadavindra Singh International Cricket Stadium, Mullanpur",1,494,1,field,1,0,8,8475,win
1473509,2025,6,New Chandigarh,5/30/2025,Indian Premier League,League Match,male,T20,T20,20,2025,club,"Maharaja Yadavindra Singh International Cricket Stadium, New Chandigarh",3,3,615,bat,3,20,0,25,win
1473510,2025,6,Ahmedabad,6/1/2025,Indian Premier League,League Match,male,T20,T20,20,2025,club,"Narendra Modi Stadium, Ahmedabad",494,3,494,field,494,0,5,389,win
1473511,2025,6,Ahmedabad,6/3/2025,Indian Premier League,League Match,male,T20,T20,20,2025,club,"Narendra Modi Stadium, Ahmedabad",494,1,494,field,1,6,0,28,win
1485779,2025,6,Jaipur,5/24/2025,Indian Premier League,66,male,T20,T20,20,2025,club,"Sawai Mansingh Stadium, Jaipur",252,494,252,field,252,0,6,10070,win
